"Experiment Accession","Experiment Title","Organism Name","Instrument","Submitter","Study Accession","Study Title","Sample Accession","Sample Title","Total Size, Mb","Total RUNs","Total Spots","Total Bases","Library Name","Library Strategy","Library Source","Library Selection"
"SRX741923","Zea mays 30_DAP_NOPOL_LEAF_R2 (PP-48)","Zea mays","Illumina HiSeq 2000","MSU-BUELL","SRP014652","Zea mays Transcriptome or Gene expression","SRS729615","","867.24","1","13178107","1330988807","PP-48","RNA-Seq","TRANSCRIPTOMIC","cDNA"
"SRX741912","Zea mays 30_DAP_NOPOL_LEAF_R1 (PP-47)","Zea mays","Illumina HiSeq 2000","MSU-BUELL","SRP014652","Zea mays Transcriptome or Gene expression","SRS729604","","787.07","1","11914387","1203353087","PP-47","RNA-Seq","TRANSCRIPTOMIC","cDNA"
"SRX741909","Zea mays 24_DAP_POL_LEAF_R2 (PP-38)","Zea mays","Illumina HiSeq 2000","MSU-BUELL","SRP014652","Zea mays Transcriptome or Gene expression","SRS729600","","763.68","1","11507287","1162235987","PP-38","RNA-Seq","TRANSCRIPTOMIC","cDNA"
"SRX741898","Zea mays DAP_NOPOL_LEAF_R2 (PP-16)","Zea mays","Illumina HiSeq 2000","MSU-BUELL","SRP014652","Zea mays Transcriptome or Gene expression","SRS729590","","741.95","1","11236503","1134886803","PP-16","RNA-Seq","TRANSCRIPTOMIC","cDNA"
"SRX739063","Zea mays V5_Tip_of_Stage_2_Leaf_R3 (SK045)","Zea mays","Illumina HiSeq 2000","MSU-BUELL","SRP014652","Zea mays Transcriptome or Gene expression","SRS729984","","955.11","1","7330018","1480663636","SK045","RNA-Seq","TRANSCRIPTOMIC","cDNA"
"SRX739062","Zea mays V5_Tip_of_Stage_2_Leaf_R2 (SK044)","Zea mays","Illumina HiSeq 2000","MSU-BUELL","SRP014652","Zea mays Transcriptome or Gene expression","SRS729963","","1039.5","1","7971305","1610203610","SK044","RNA-Seq","TRANSCRIPTOMIC","cDNA"
"SRX739061","Zea mays V5_Tip_of_stage-2_Leaf_R1 (SK043)","Zea mays","Illumina HiSeq 2000","MSU-BUELL","SRP014652","Zea mays Transcriptome or Gene expression","SRS729962","","984.84","1","7543760","1523839520","SK043","RNA-Seq","TRANSCRIPTOMIC","cDNA"
"SRX739060","Zea mays V3_Stem_and_SAM_R3 (SK030)","Zea mays","Illumina HiSeq 2000","MSU-BUELL","SRP014652","Zea mays Transcriptome or Gene expression","SRS729961","","780.32","1","5994195","1210827390","SK030","RNA-Seq","TRANSCRIPTOMIC","cDNA"
"SRX739059","Zea mays V3_Stem_and_SAM_R2 (SK029)","Zea mays","Illumina HiSeq 2000","MSU-BUELL","SRP014652","Zea mays Transcriptome or Gene expression","SRS729960","","1118.04","1","8565875","1730306750","SK029","RNA-Seq","TRANSCRIPTOMIC","cDNA"
"SRX739058","Zea mays V3_Stem_and_SAM_R1 (SK028)","Zea mays","Illumina HiSeq 2000","MSU-BUELL","SRP014652","Zea mays Transcriptome or Gene expression","SRS729955","","1274","1","9807423","1981099446","SK028","RNA-Seq","TRANSCRIPTOMIC","cDNA"
"SRX739057","Zea mays 6DAS_GH_Primary_Root_R3 (SK009)","Zea mays","Illumina HiSeq 2000","MSU-BUELL","SRP014652","Zea mays Transcriptome or Gene expression","SRS729956","","1185.57","1","9110302","1840281004","SK009","RNA-Seq","TRANSCRIPTOMIC","cDNA"
"SRX739056","Zea mays 6DAS_GH_Primary_Root_R2 (SK008)","Zea mays","Illumina HiSeq 2000","MSU-BUELL","SRP014652","Zea mays Transcriptome or Gene expression","SRS729954","","1166.15","1","8919415","1801721830","SK008","RNA-Seq","TRANSCRIPTOMIC","cDNA"
"SRX739055","Zea mays 6DAS_GH_Primary_Root_R1 (SK007)","Zea mays","Illumina HiSeq 2000","MSU-BUELL","SRP014652","Zea mays Transcriptome or Gene expression","SRS729953","","1607.13","1","12353295","2495365590","SK007","RNA-Seq","TRANSCRIPTOMIC","cDNA"
"SRX739761","Zea mays 6_POL_INT_R1 (PP_9)","Zea mays","Illumina HiSeq 2000","MSU-BUELL","SRP014652","Zea mays Transcriptome or Gene expression","SRS726713","","959.98","1","7121763","1438596126","PP_9","RNA-Seq","TRANSCRIPTOMIC","cDNA"
"SRX739065","Zea mays 18DAP_Pericarp_R1 (SK151)","Zea mays","Illumina HiSeq 2000","MSU-BUELL","SRP014652","Zea mays Transcriptome or Gene expression","SRS726829","","1247.3","1","9582408","1935646416","SK151","RNA-Seq","TRANSCRIPTOMIC","cDNA"
"SRX739053","Zea mays CrownRoot_Node5_V7_R2 (SS-78)","Zea mays","Illumina HiSeq 2000","MSU-BUELL","SRP014652","Zea mays Transcriptome or Gene expression","SRS726827","","1502.69","1","11322911","2287228022","SS-78","RNA-Seq","TRANSCRIPTOMIC","cDNA"
"SRX739052","Zea mays CrownRoot_Node5_V13_R2 (SS-77)","Zea mays","Illumina HiSeq 2000","MSU-BUELL","SRP014652","Zea mays Transcriptome or Gene expression","SRS726826","","1179.78","1","8933322","1804531044","SS-77","RNA-Seq","TRANSCRIPTOMIC","cDNA"
"SRX739051","Zea mays BraceRoot_Node6_abvgrnd_V13_R3 (SS-76)","Zea mays","Illumina HiSeq 2000","MSU-BUELL","SRP014652","Zea mays Transcriptome or Gene expression","SRS726825","","1717.44","1","12995401","2625071002","SS-76","RNA-Seq","TRANSCRIPTOMIC","cDNA"
"SRX739050","Zea mays CrownRoot_Node5_V13_R3 (SS-75)","Zea mays","Illumina HiSeq 2000","MSU-BUELL","SRP014652","Zea mays Transcriptome or Gene expression","SRS726824","","3909.18","1","32719086","6609255372","SS-75","RNA-Seq","TRANSCRIPTOMIC","cDNA"
"SRX739049","Zea mays BraceRoot_Node6_abvgrnd_V13_R2 (SS-74)","Zea mays","Illumina HiSeq 2500","MSU-BUELL","SRP014652","Zea mays Transcriptome or Gene expression","SRS726823","","629.07","1","5143150","1038916300","SS-74","RNA-Seq","TRANSCRIPTOMIC","cDNA"
"SRX739048","Zea mays BraceRoot_Node6_abvgrnd_V13_R2 (SS-74)","Zea mays","Illumina HiSeq 2000","MSU-BUELL","SRP014652","Zea mays Transcriptome or Gene expression","SRS726823","","281.32","1","2355744","475860288","SS-74","RNA-Seq","TRANSCRIPTOMIC","cDNA"
"SRX739047","Zea mays CrownRoot_Node4_V7_R3 (SS-73)","Zea mays","Illumina HiSeq 2500","MSU-BUELL","SRP014652","Zea mays Transcriptome or Gene expression","SRS726822","","347.74","1","2842013","574086626","SS-73","RNA-Seq","TRANSCRIPTOMIC","cDNA"
"SRX739046","Zea mays CrownRoot_Node4_V7_R3 (SS-73)","Zea mays","Illumina HiSeq 2000","MSU-BUELL","SRP014652","Zea mays Transcriptome or Gene expression","SRS726822","","534.24","1","4433906","895649012","SS-73","RNA-Seq","TRANSCRIPTOMIC","cDNA"
"SRX739045","Zea mays CrownRoot_Nodes_1-3__V7_R3 (SS-71)","Zea mays","Illumina HiSeq 2500","MSU-BUELL","SRP014652","Zea mays Transcriptome or Gene expression","SRS726821","","680.67","1","5572405","1125625810","SS-71","RNA-Seq","TRANSCRIPTOMIC","cDNA"
"SRX739044","Zea mays CrownRoot_Nodes_1-3__V7_R3 (SS-71)","Zea mays","Illumina HiSeq 2000","MSU-BUELL","SRP014652","Zea mays Transcriptome or Gene expression","SRS726821","","445.88","1","3720019","751443838","SS-71","RNA-Seq","TRANSCRIPTOMIC","cDNA"
"SRX739043","Zea mays CrownRoot_Nodes_1-3__V7_R1 (SS-70)","Zea mays","Illumina HiSeq 2500","MSU-BUELL","SRP014652","Zea mays Transcriptome or Gene expression","SRS726820","","2374.17","1","19444449","3927778698","SS-70","RNA-Seq","TRANSCRIPTOMIC","cDNA"
"SRX739042","Zea mays BraceRoot_Node6_abvgrnd_V13_R1 (SS-69)","Zea mays","Illumina HiSeq 2500","MSU-BUELL","SRP014652","Zea mays Transcriptome or Gene expression","SRS726819","","2869.44","1","23381826","4723128852","SS-69","RNA-Seq","TRANSCRIPTOMIC","cDNA"
"SRX739041","Zea mays CrownRoot_Node5_V13_R1 (SS-68)","Zea mays","Illumina HiSeq 2500","MSU-BUELL","SRP014652","Zea mays Transcriptome or Gene expression","SRS726818","","1046.3","1","8549104","1726919008","SS-68","RNA-Seq","TRANSCRIPTOMIC","cDNA"
"SRX739040","Zea mays CrownRoot_Node4_V7_R2 (SS-66)","Zea mays","Illumina HiSeq 2500","MSU-BUELL","SRP014652","Zea mays Transcriptome or Gene expression","SRS726817","","2412.75","1","19641779","3967639358","SS-66","RNA-Seq","TRANSCRIPTOMIC","cDNA"
"SRX739039","Zea mays CrownRoot_Node4_V7_R2 (SS-66)","Zea mays","Illumina HiSeq 2000","MSU-BUELL","SRP014652","Zea mays Transcriptome or Gene expression","SRS726817","","499.3","1","4176938","843741476","SS-66","RNA-Seq","TRANSCRIPTOMIC","cDNA"
"SRX739038","Zea mays CrownRoot_Node4_V7_R1 (SS-65)","Zea mays","Illumina HiSeq 2500","MSU-BUELL","SRP014652","Zea mays Transcriptome or Gene expression","SRS726815","","2028.63","1","16555706","3344252612","SS-65","RNA-Seq","TRANSCRIPTOMIC","cDNA"
"SRX739037","Zea mays DifferentiationZone_3d_R2 (SS-61)","Zea mays","Illumina HiSeq 2500","MSU-BUELL","SRP014652","Zea mays Transcriptome or Gene expression","SRS726816","","361.37","1","3006106","607233412","SS-61","RNA-Seq","TRANSCRIPTOMIC","cDNA"
"SRX739036","Zea mays WholePrimaryRoot_7d_R1 (SS-58)","Zea mays","Illumina HiSeq 2500","MSU-BUELL","SRP014652","Zea mays Transcriptome or Gene expression","SRS726814","","5102.04","1","41321947","8347033294","SS-58","RNA-Seq","TRANSCRIPTOMIC","cDNA"
"SRX739035","Zea mays Mz+Ez_3d_R3 (SS-56)","Zea mays","Illumina HiSeq 2000","MSU-BUELL","SRP014652","Zea mays Transcriptome or Gene expression","SRS726813","","699.6","1","5864885","1184706770","SS-56","RNA-Seq","TRANSCRIPTOMIC","cDNA"
"SRX739034","Zea mays WholeRootSystem_7d_R3 (SS-54)","Zea mays","Illumina HiSeq 2500","MSU-BUELL","SRP014652","Zea mays Transcriptome or Gene expression","SRS726811","","1747.27","1","14272451","2883035102","SS-54","RNA-Seq","TRANSCRIPTOMIC","cDNA"
"SRX739033","Zea mays Seminal_7d_R2 (SS-50)","Zea mays","Illumina HiSeq 2000","MSU-BUELL","SRP014652","Zea mays Transcriptome or Gene expression","SRS726812","","4031.89","1","29922363","6044317326","SS-50","RNA-Seq","TRANSCRIPTOMIC","cDNA"
"SRX739032","Zea mays Mz+Ez_3d_R1 (SS-45)","Zea mays","Illumina HiSeq 2000","MSU-BUELL","SRP014652","Zea mays Transcriptome or Gene expression","SRS726810","","2019.69","1","14983712","3026709824","SS-45","RNA-Seq","TRANSCRIPTOMIC","cDNA"
"SRX739031","Zea mays Seminal_7d_R1 (SS-44)","Zea mays","Illumina HiSeq 2000","MSU-BUELL","SRP014652","Zea mays Transcriptome or Gene expression","SRS726809","","1094.81","1","8107015","1637617030","SS-44","RNA-Seq","TRANSCRIPTOMIC","cDNA"
"SRX739030","Zea mays WholePrimaryRoot_7d_R2 (SS-42)","Zea mays","Illumina HiSeq 2500","MSU-BUELL","SRP014652","Zea mays Transcriptome or Gene expression","SRS726808","","6201.33","1","52132012","10530666424","SS-42","RNA-Seq","TRANSCRIPTOMIC","cDNA"
"SRX739029","Zea mays WholePrimaryRoot_7d_R2 (SS-42)","Zea mays","Illumina HiSeq 2000","MSU-BUELL","SRP014652","Zea mays Transcriptome or Gene expression","SRS726808","","914.34","1","6733740","1360215480","SS-42","RNA-Seq","TRANSCRIPTOMIC","cDNA"
"SRX739028","Zea mays WholeRootSystem_3d_R2 (SS-40)","Zea mays","Illumina HiSeq 2500","MSU-BUELL","SRP014652","Zea mays Transcriptome or Gene expression","SRS726807","","981.27","1","7977374","1611429548","SS-40","RNA-Seq","TRANSCRIPTOMIC","cDNA"
"SRX739027","Zea mays WholeRootSystem_3d_R2 (SS-40)","Zea mays","Illumina HiSeq 2000","MSU-BUELL","SRP014652","Zea mays Transcriptome or Gene expression","SRS726807","","949.8","1","7010679","1416157158","SS-40","RNA-Seq","TRANSCRIPTOMIC","cDNA"
"SRX739026","Zea mays WholeRootSystem_3d_R1 (SS-39)","Zea mays","Illumina HiSeq 2500","MSU-BUELL","SRP014652","Zea mays Transcriptome or Gene expression","SRS726806","","49.52","1","401696","81142592","SS-39","RNA-Seq","TRANSCRIPTOMIC","cDNA"
"SRX739025","Zea mays WholeRootSystem_3d_R1 (SS-39)","Zea mays","Illumina HiSeq 2000","MSU-BUELL","SRP014652","Zea mays Transcriptome or Gene expression","SRS726806","","924.13","1","6824936","1378637072","SS-39","RNA-Seq","TRANSCRIPTOMIC","cDNA"
"SRX739024","Zea mays WholeRootSystem_3d_R3 (SS-38)","Zea mays","Illumina HiSeq 2000","MSU-BUELL","SRP014652","Zea mays Transcriptome or Gene expression","SRS726805","","2191.06","1","16235308","3279532216","SS-38","RNA-Seq","TRANSCRIPTOMIC","cDNA"
"SRX739023","Zea mays WholePrimaryRoot_7d_R3 (SS-36)","Zea mays","Illumina HiSeq 2000","MSU-BUELL","SRP014652","Zea mays Transcriptome or Gene expression","SRS726804","","1677.2","1","12410932","2507008264","SS-36","RNA-Seq","TRANSCRIPTOMIC","cDNA"
"SRX739022","Zea mays WholeRootSystem_7d_R1 (SS-30)","Zea mays","Illumina HiSeq 2000","MSU-BUELL","SRP014652","Zea mays Transcriptome or Gene expression","SRS726802","","1737.84","1","12841026","2593887252","SS-30","RNA-Seq","TRANSCRIPTOMIC","cDNA"
"SRX739021","Zea mays DifferentiationZone_3d_R3 (SS-28)","Zea mays","Illumina HiSeq 2000","MSU-BUELL","SRP014652","Zea mays Transcriptome or Gene expression","SRS726803","","1967.04","1","14567540","2942643080","SS-28","RNA-Seq","TRANSCRIPTOMIC","cDNA"
"SRX739020","Zea mays Mz+Ez_3d_R2 (SS-27)","Zea mays","Illumina HiSeq 2000","MSU-BUELL","SRP014652","Zea mays Transcriptome or Gene expression","SRS726800","","1971.48","1","14599437","2949086274","SS-27","RNA-Seq","TRANSCRIPTOMIC","cDNA"
"SRX739019","Zea mays Seminal_7d_R3 (SS-25)","Zea mays","Illumina HiSeq 2000","MSU-BUELL","SRP014652","Zea mays Transcriptome or Gene expression","SRS726801","","1926.93","1","14216359","2871704518","SS-25","RNA-Seq","TRANSCRIPTOMIC","cDNA"
"SRX739018","Zea mays WholeRootSystem_7d_R2 (SS-22)","Zea mays","Illumina HiSeq 2000","MSU-BUELL","SRP014652","Zea mays Transcriptome or Gene expression","SRS726799","","2203.31","1","16288676","3290312552","SS-22","RNA-Seq","TRANSCRIPTOMIC","cDNA"
"SRX739017","Zea mays DifferentiationZone_3d_R1 (SS-21)","Zea mays","Illumina HiSeq 2000","MSU-BUELL","SRP014652","Zea mays Transcriptome or Gene expression","SRS726798","","2080.28","1","15367473","3104229546","SS-21","RNA-Seq","TRANSCRIPTOMIC","cDNA"
"SRX739016","Zea mays CortPar_3d_R1 (RA-9)","Zea mays","Illumina HiSeq 2000","MSU-BUELL","SRP014652","Zea mays Transcriptome or Gene expression","SRS726797","","2687.9","1","20239910","4088461820","RA-9","RNA-Seq","TRANSCRIPTOMIC","cDNA"
"SRX739015","Zea mays CortPar_3d_R3 (RA-8)","Zea mays","Illumina HiSeq 2000","MSU-BUELL","SRP014652","Zea mays Transcriptome or Gene expression","SRS726796","","1879.48","1","14204831","2869375862","RA-8","RNA-Seq","TRANSCRIPTOMIC","cDNA"
"SRX739014","Zea mays Stele_3d_R2 (RA-7)","Zea mays","Illumina HiSeq 2000","MSU-BUELL","SRP014652","Zea mays Transcriptome or Gene expression","SRS726795","","2232.34","1","16908353","3415487306","RA-7","RNA-Seq","TRANSCRIPTOMIC","cDNA"
"SRX739013","Zea mays Stele_3d_R3 (RA-6)","Zea mays","Illumina HiSeq 2000","MSU-BUELL","SRP014652","Zea mays Transcriptome or Gene expression","SRS726794","","960.57","1","7268621","1468261442","RA-6","RNA-Seq","TRANSCRIPTOMIC","cDNA"
"SRX739012","Zea mays TapRoot_Z1_7d_R3 (RA-5)","Zea mays","Illumina HiSeq 2500","MSU-BUELL","SRP014652","Zea mays Transcriptome or Gene expression","SRS726793","","8018.14","1","67945693","13725029986","RA-5","RNA-Seq","TRANSCRIPTOMIC","cDNA"
"SRX739011","Zea mays TapRoot_Z1_7d_R3 (RA-5)","Zea mays","Illumina HiSeq 2000","MSU-BUELL","SRP014652","Zea mays Transcriptome or Gene expression","SRS726793","","789.85","1","5989240","1209826480","RA-5","RNA-Seq","TRANSCRIPTOMIC","cDNA"
"SRX739010","Zea mays TapRoot_Z1_7d_R1 (RA-4)","Zea mays","Illumina HiSeq 2500","MSU-BUELL","SRP014652","Zea mays Transcriptome or Gene expression","SRS726792","","1804.53","1","15242142","3078912684","RA-4","RNA-Seq","TRANSCRIPTOMIC","cDNA"
"SRX739009","Zea mays TapRoot_Z1_7d_R1 (RA-4)","Zea mays","Illumina HiSeq 2000","MSU-BUELL","SRP014652","Zea mays Transcriptome or Gene expression","SRS726792","","636.98","1","4813641","972355482","RA-4","RNA-Seq","TRANSCRIPTOMIC","cDNA"
"SRX739008","Zea mays CrownRoot_Node5_V7_R1 (RA-35)","Zea mays","Illumina HiSeq 2500","MSU-BUELL","SRP014652","Zea mays Transcriptome or Gene expression","SRS726791","","6721.39","1","55182150","11146794300","RA-35","RNA-Seq","TRANSCRIPTOMIC","cDNA"
"SRX739007","Zea mays CrownRoot_Node5_V7_R1 (RA-35)","Zea mays","Illumina HiSeq 2000","MSU-BUELL","SRP014652","Zea mays Transcriptome or Gene expression","SRS726791","","5540.95","1","39008618","7879740836","RA-35","RNA-Seq","TRANSCRIPTOMIC","cDNA"
"SRX739006","Zea mays TC_Control_#9 (RA-33)","Zea mays","Illumina HiSeq 2000","MSU-BUELL","SRP014652","Zea mays Transcriptome or Gene expression","SRS726790","","1332.78","1","9802466","1980098132","RA-33","RNA-Seq","TRANSCRIPTOMIC","cDNA"
"SRX739005","Zea mays 3-7.1 (RA-32)","Zea mays","Illumina HiSeq 2000","MSU-BUELL","SRP014652","Zea mays Transcriptome or Gene expression","SRS726789","","1664.49","1","12069754","2438090308","RA-32","RNA-Seq","TRANSCRIPTOMIC","cDNA"
"SRX739004","Zea mays TapRoot_Z2_7d_R2 (RA-3)","Zea mays","Illumina HiSeq 2000","MSU-BUELL","SRP014652","Zea mays Transcriptome or Gene expression","SRS726788","","1338.45","1","10142759","2048837318","RA-3","RNA-Seq","TRANSCRIPTOMIC","cDNA"
"SRX739003","Zea mays 3-7.13 (RA-29)","Zea mays","Illumina HiSeq 2000","MSU-BUELL","SRP014652","Zea mays Transcriptome or Gene expression","SRS726787","","1774.86","1","12913091","2608444382","RA-29","RNA-Seq","TRANSCRIPTOMIC","cDNA"
"SRX739002","Zea mays TapRoot_Z4_7d_R1 (RA-23)","Zea mays","Illumina HiSeq 2000","MSU-BUELL","SRP014652","Zea mays Transcriptome or Gene expression","SRS726786","","2347.43","1","17112984","3456822768","RA-23","RNA-Seq","TRANSCRIPTOMIC","cDNA"
"SRX739001","Zea mays TapRoot_Z4_7d_R3 (RA-22)","Zea mays","Illumina HiSeq 2000","MSU-BUELL","SRP014652","Zea mays Transcriptome or Gene expression","SRS726784","","2449.71","1","17843022","3604290444","RA-22","RNA-Seq","TRANSCRIPTOMIC","cDNA"
"SRX739000","Zea mays TapRoot_Z3_7d_R2 (RA-21)","Zea mays","Illumina HiSeq 2000","MSU-BUELL","SRP014652","Zea mays Transcriptome or Gene expression","SRS726785","","2310.58","1","16795516","3392694232","RA-21","RNA-Seq","TRANSCRIPTOMIC","cDNA"
"SRX738999","Zea mays TapRoot_Z3_7d_R3 (RA-20)","Zea mays","Illumina HiSeq 2000","MSU-BUELL","SRP014652","Zea mays Transcriptome or Gene expression","SRS726783","","1589.47","1","11577165","2338587330","RA-20","RNA-Seq","TRANSCRIPTOMIC","cDNA"
"SRX738998","Zea mays TapRoot_Z1_7d_R2 (RA-2)","Zea mays","Illumina HiSeq 2000","MSU-BUELL","SRP014652","Zea mays Transcriptome or Gene expression","SRS726782","","2164.04","1","16413513","3315529626","RA-2","RNA-Seq","TRANSCRIPTOMIC","cDNA"
"SRX738997","Zea mays TapRoot_Z2_7d_R1 (RA-18)","Zea mays","Illumina HiSeq 2000","MSU-BUELL","SRP014652","Zea mays Transcriptome or Gene expression","SRS726781","","1306.28","1","9477079","1914369958","RA-18","RNA-Seq","TRANSCRIPTOMIC","cDNA"
"SRX738908","Zea mays 0_POL_INT_R1 (PP1)","Zea mays","Illumina HiSeq 2000","MSU-BUELL","SRP014652","Zea mays Transcriptome or Gene expression","SRS726714","","987.54","1","7594493","1534087586","PP1","RNA-Seq","TRANSCRIPTOMIC","cDNA"
"SRX738850","Zea mays 0_POL_INT_R2 (PP_2)","Zea mays","Illumina HiSeq 2500","MSU-BUELL","SRP014652","Zea mays Transcriptome or Gene expression","SRS726663","","5121.95","1","36882238","7450212076","PP_2","RNA-Seq","TRANSCRIPTOMIC","cDNA"
"SRX738913","Zea mays Stele_3d_R1 (RA-17)","Zea mays","Illumina HiSeq 2000","MSU-BUELL","SRP014652","Zea mays Transcriptome or Gene expression","SRS726719","","1675.88","1","12191816","2462746832","RA-17","RNA-Seq","TRANSCRIPTOMIC","cDNA"
"SRX738912","Zea mays TapRoot_Z2_7d_R3 (RA-15)","Zea mays","Illumina HiSeq 2000","MSU-BUELL","SRP014652","Zea mays Transcriptome or Gene expression","SRS726718","","1495.16","1","10873179","2196382158","RA-15","RNA-Seq","TRANSCRIPTOMIC","cDNA"
"SRX738911","Zea mays TapRoot_Z3_7d_R1 (RA-14)","Zea mays","Illumina HiSeq 2000","MSU-BUELL","SRP014652","Zea mays Transcriptome or Gene expression","SRS726717","","1978.27","1","14976310","3025214620","RA-14","RNA-Seq","TRANSCRIPTOMIC","cDNA"
"SRX738910","Zea mays CortPar_3d_R2 (RA-13)","Zea mays","Illumina HiSeq 2000","MSU-BUELL","SRP014652","Zea mays Transcriptome or Gene expression","SRS726716","","2258.53","1","17057919","3445699638","RA-13","RNA-Seq","TRANSCRIPTOMIC","cDNA"
"SRX738909","Zea mays TapRoot_Z4_7d_R2 (RA-10)","Zea mays","Illumina HiSeq 2000","MSU-BUELL","SRP014652","Zea mays Transcriptome or Gene expression","SRS726715","","2414.19","1","18273066","3691159332","RA-10","RNA-Seq","TRANSCRIPTOMIC","cDNA"
"SRX738907","Zea mays 6_POL_INT_R1 (PP_9)","Zea mays","Illumina HiSeq 2500","MSU-BUELL","SRP014652","Zea mays Transcriptome or Gene expression","SRS726713","","2581.35","1","21868464","4417429728","PP_9","RNA-Seq","TRANSCRIPTOMIC","cDNA"
"SRX738906","Zea mays 0_NOPOL_INT_R1 (PP_3)","Zea mays","Illumina HiSeq 2500","MSU-BUELL","SRP014652","Zea mays Transcriptome or Gene expression","SRS726670","","3730.4","1","30541394","6169361588","PP_3","RNA-Seq","TRANSCRIPTOMIC","cDNA"
"SRX738905","Zea mays 6_NOPOL_INT_R2 (PP_12)","Zea mays","Illumina HiSeq 2500","MSU-BUELL","SRP014652","Zea mays Transcriptome or Gene expression","SRS726711","","484.73","1","3945724","797036248","PP_12","RNA-Seq","TRANSCRIPTOMIC","cDNA"
"SRX738904","Zea mays 6_POL_INT_R2 (PP_10)","Zea mays","Illumina HiSeq 2500","MSU-BUELL","SRP014652","Zea mays Transcriptome or Gene expression","SRS726657","","459.61","1","3700363","747473326","PP_10","RNA-Seq","TRANSCRIPTOMIC","cDNA"
"SRX738898","Zea mays 0_DAP_NOPOL_LEAF_R2 (PP-8)","Zea mays","Illumina HiSeq 2000","MSU-BUELL","SRP014652","Zea mays Transcriptome or Gene expression","SRS726707","","838.34","1","11636321","1175268421","PP-8","RNA-Seq","TRANSCRIPTOMIC","cDNA"
"SRX738896","Zea mays 0_DAP_NOPOL_LEAF_R1 (PP-7)","Zea mays","Illumina HiSeq 2000","MSU-BUELL","SRP014652","Zea mays Transcriptome or Gene expression","SRS726706","","1917.7","1","26959502","2722909702","PP-7","RNA-Seq","TRANSCRIPTOMIC","cDNA"
"SRX738895","Zea mays 0_DAP_POL_LEAF_R2 (PP-6)","Zea mays","Illumina HiSeq 2000","MSU-BUELL","SRP014652","Zea mays Transcriptome or Gene expression","SRS726705","","784.18","1","10972648","1108237448","PP-6","RNA-Seq","TRANSCRIPTOMIC","cDNA"
"SRX738894","Zea mays 0_DAP_POL_LEAF_R1 (PP-5)","Zea mays","Illumina HiSeq 2000","MSU-BUELL","SRP014652","Zea mays Transcriptome or Gene expression","SRS726704","","563.48","1","7989357","806925057","PP-5","RNA-Seq","TRANSCRIPTOMIC","cDNA"
"SRX738893","Zea mays 30_DAP_POL_LEAF_R2 (PP-46)","Zea mays","Illumina HiSeq 2000","MSU-BUELL","SRP014652","Zea mays Transcriptome or Gene expression","SRS726703","","2236.89","1","31520063","3183526363","PP-46","RNA-Seq","TRANSCRIPTOMIC","cDNA"
"SRX738892","Zea mays 30_DAP_POL_LEAF_R1 (PP-45)","Zea mays","Illumina HiSeq 2000","MSU-BUELL","SRP014652","Zea mays Transcriptome or Gene expression","SRS726702","","2180.7","1","30686002","3099286202","PP-45","RNA-Seq","TRANSCRIPTOMIC","cDNA"
"SRX738891","Zea mays 24_DAP_NOPOL_LEAF_R2 (PP-40)","Zea mays","Illumina HiSeq 2000","MSU-BUELL","SRP014652","Zea mays Transcriptome or Gene expression","SRS726701","","1195.25","1","16944003","1711344303","PP-40","RNA-Seq","TRANSCRIPTOMIC","cDNA"
"SRX738889","Zea mays 24_DAP_NOPOL_LEAF_R1 (PP-39)","Zea mays","Illumina HiSeq 2000","MSU-BUELL","SRP014652","Zea mays Transcriptome or Gene expression","SRS726700","","1376.04","1","19635360","1983171360","PP-39","RNA-Seq","TRANSCRIPTOMIC","cDNA"
"SRX738888","Zea mays 24_DAP_POL_LEAF_R1 (PP-37)","Zea mays","Illumina HiSeq 2000","MSU-BUELL","SRP014652","Zea mays Transcriptome or Gene expression","SRS726699","","1196.98","1","17040548","1721095348","PP-37","RNA-Seq","TRANSCRIPTOMIC","cDNA"
"SRX738887","Zea mays 18_DAP_NOPOL_LEAF_R2 (PP-32)","Zea mays","Illumina HiSeq 2000","MSU-BUELL","SRP014652","Zea mays Transcriptome or Gene expression","SRS726698","","1387.51","1","19796997","1999496697","PP-32","RNA-Seq","TRANSCRIPTOMIC","cDNA"
"SRX738886","Zea mays 18_DAP_NOPOL_LEAF_R1 (PP-31)","Zea mays","Illumina HiSeq 2000","MSU-BUELL","SRP014652","Zea mays Transcriptome or Gene expression","SRS726697","","1063.13","1","15257688","1541026488","PP-31","RNA-Seq","TRANSCRIPTOMIC","cDNA"
"SRX738884","Zea mays 18_DAP_POL_LEAF_R2 (PP-30)","Zea mays","Illumina HiSeq 2000","MSU-BUELL","SRP014652","Zea mays Transcriptome or Gene expression","SRS726694","","1014.84","1","14351598","1449511398","PP-30","RNA-Seq","TRANSCRIPTOMIC","cDNA"
"SRX738883","Zea mays 18_DAP_POL_LEAF_R1 (PP-29)","Zea mays","Illumina HiSeq 2000","MSU-BUELL","SRP014652","Zea mays Transcriptome or Gene expression","SRS726695","","1034.13","1","14559869","1470546769","PP-29","RNA-Seq","TRANSCRIPTOMIC","cDNA"
"SRX738882","Zea mays 12_DAP_NOPOL_LEAF_R2 (PP-24)","Zea mays","Illumina HiSeq 2000","MSU-BUELL","SRP014652","Zea mays Transcriptome or Gene expression","SRS726693","","1210.01","1","17110183","1728128483","PP-24","RNA-Seq","TRANSCRIPTOMIC","cDNA"
"SRX738881","Zea mays 12_DAP_NOPOL_LEAF_R1 (PP-23)","Zea mays","Illumina HiSeq 2000","MSU-BUELL","SRP014652","Zea mays Transcriptome or Gene expression","SRS726692","","1302.83","1","18383571","1856740671","PP-23","RNA-Seq","TRANSCRIPTOMIC","cDNA"
"SRX738880","Zea mays 12_DAP_POL_LEAF_R2 (PP-22)","Zea mays","Illumina HiSeq 2000","MSU-BUELL","SRP014652","Zea mays Transcriptome or Gene expression","SRS726691","","797.59","1","11236192","1134855392","PP-22","RNA-Seq","TRANSCRIPTOMIC","cDNA"
"SRX738879","Zea mays 12_DAP_POL_LEAF_R1 (PP-21)","Zea mays","Illumina HiSeq 2000","MSU-BUELL","SRP014652","Zea mays Transcriptome or Gene expression","SRS726690","","3795.05","1","62489080","6311397080","PP-21","RNA-Seq","TRANSCRIPTOMIC","cDNA"
"SRX738878","Zea mays 6_DAP_NOPOL_LEAF_R1 (PP-15)","Zea mays","Illumina HiSeq 2000","MSU-BUELL","SRP014652","Zea mays Transcriptome or Gene expression","SRS726689","","6085.02","1","88484095","8936893595","PP-15","RNA-Seq","TRANSCRIPTOMIC","cDNA"
"SRX738876","Zea mays 6_DAP_POL_LEAF_R2 (PP-14)","Zea mays","Illumina HiSeq 2000","MSU-BUELL","SRP014652","Zea mays Transcriptome or Gene expression","SRS726687","","1571.83","1","22282272","2250509472","PP-14","RNA-Seq","TRANSCRIPTOMIC","cDNA"
"SRX738873","Zea mays 6_DAP_POL_LEAF_R1 (PP-13)","Zea mays","Illumina HiSeq 2000","MSU-BUELL","SRP014652","Zea mays Transcriptome or Gene expression","SRS726684","","1172.81","1","16696527","1686349227","PP-13","RNA-Seq","TRANSCRIPTOMIC","cDNA"
"SRX738872","Zea mays 30_NOPOL_INT_R2 (PP_44)","Zea mays","Illumina HiSeq 2000","MSU-BUELL","SRP014652","Zea mays Transcriptome or Gene expression","SRS726683","","1168.87","1","8988134","1815603068","PP_44","RNA-Seq","TRANSCRIPTOMIC","cDNA"
"SRX738871","Zea mays 30_NOPOL_INT_R1 (PP_43)","Zea mays","Illumina HiSeq 2000","MSU-BUELL","SRP014652","Zea mays Transcriptome or Gene expression","SRS726682","","3598.59","1","27529009","5560859818","PP_43","RNA-Seq","TRANSCRIPTOMIC","cDNA"
"SRX738870","Zea mays 30_POL_INT_R2 (PP_42)","Zea mays","Illumina HiSeq 2000","MSU-BUELL","SRP014652","Zea mays Transcriptome or Gene expression","SRS726681","","1456.44","1","11131619","2248587038","PP_42","RNA-Seq","TRANSCRIPTOMIC","cDNA"
"SRX738867","Zea mays 30_POL_INT_R1 (PP_41)","Zea mays","Illumina HiSeq 2000","MSU-BUELL","SRP014652","Zea mays Transcriptome or Gene expression","SRS726679","","1718.65","1","13148356","2655967912","PP_41","RNA-Seq","TRANSCRIPTOMIC","cDNA"
"SRX738866","Zea mays 0_NOPOL_INT_R2 (PP_4)","Zea mays","Illumina HiSeq 2000","MSU-BUELL","SRP014652","Zea mays Transcriptome or Gene expression","SRS726677","","1212.62","1","8911899","1800203598","PP_4","RNA-Seq","TRANSCRIPTOMIC","cDNA"
"SRX738864","Zea mays 24_NOPOL_INT_R2 (PP_36)","Zea mays","Illumina HiSeq 2000","MSU-BUELL","SRP014652","Zea mays Transcriptome or Gene expression","SRS726675","","1548.75","1","11811749","2385973298","PP_36","RNA-Seq","TRANSCRIPTOMIC","cDNA"
"SRX738862","Zea mays 24_NOPOL_INT_R1 (PP_35)","Zea mays","Illumina HiSeq 2000","MSU-BUELL","SRP014652","Zea mays Transcriptome or Gene expression","SRS726673","","2923.43","1","22384729","4521715258","PP_35","RNA-Seq","TRANSCRIPTOMIC","cDNA"
"SRX738861","Zea mays 24_POL_INT_R2 (PP_34)","Zea mays","Illumina HiSeq 2000","MSU-BUELL","SRP014652","Zea mays Transcriptome or Gene expression","SRS726672","","1826.22","1","13958776","2819672752","PP_34","RNA-Seq","TRANSCRIPTOMIC","cDNA"
"SRX738860","Zea mays 24_POL_INT_R1 (PP_33)","Zea mays","Illumina HiSeq 2000","MSU-BUELL","SRP014652","Zea mays Transcriptome or Gene expression","SRS726671","","1565.72","1","11954204","2414749208","PP_33","RNA-Seq","TRANSCRIPTOMIC","cDNA"
"SRX738859","Zea mays 0_NOPOL_INT_R1 (PP_3)","Zea mays","Illumina HiSeq 2000","MSU-BUELL","SRP014652","Zea mays Transcriptome or Gene expression","SRS726670","","7812.39","1","54619479","11033134758","PP_3","RNA-Seq","TRANSCRIPTOMIC","cDNA"
"SRX738858","Zea mays 18_NOPOL_INT_R2 (PP_28)","Zea mays","Illumina HiSeq 2000","MSU-BUELL","SRP014652","Zea mays Transcriptome or Gene expression","SRS726669","","1462.12","1","11174409","2257230618","PP_28","RNA-Seq","TRANSCRIPTOMIC","cDNA"
"SRX738857","Zea mays 18_NOPOL_INT_R1 (PP_27)","Zea mays","Illumina HiSeq 2000","MSU-BUELL","SRP014652","Zea mays Transcriptome or Gene expression","SRS726668","","2381.45","1","18171433","3670629466","PP_27","RNA-Seq","TRANSCRIPTOMIC","cDNA"
"SRX738856","Zea mays 18_POL_INT_R2 (PP_26)","Zea mays","Illumina HiSeq 2000","MSU-BUELL","SRP014652","Zea mays Transcriptome or Gene expression","SRS726667","","2099.35","1","16122458","3256736516","PP_26","RNA-Seq","TRANSCRIPTOMIC","cDNA"
"SRX738854","Zea mays 18_POL_INT_R1 (PP_25)","Zea mays","Illumina HiSeq 2000","MSU-BUELL","SRP014652","Zea mays Transcriptome or Gene expression","SRS726666","","3072.93","1","23529767","4753012934","PP_25","RNA-Seq","TRANSCRIPTOMIC","cDNA"
"SRX738851","Zea mays 12_NOPOL_INT_R2 (PP_20)","Zea mays","Illumina HiSeq 2000","MSU-BUELL","SRP014652","Zea mays Transcriptome or Gene expression","SRS726664","","2513.72","1","19133008","3864867616","PP_20","RNA-Seq","TRANSCRIPTOMIC","cDNA"
"SRX738849","Zea mays 12_NOPOL_INT_R1 (PP_19)","Zea mays","Illumina HiSeq 2000","MSU-BUELL","SRP014652","Zea mays Transcriptome or Gene expression","SRS726661","","1504.94","1","11515968","2326225536","PP_19","RNA-Seq","TRANSCRIPTOMIC","cDNA"
"SRX738846","Zea mays 12_POL_INT_R2 (PP_18)","Zea mays","Illumina HiSeq 2000","MSU-BUELL","SRP014652","Zea mays Transcriptome or Gene expression","SRS726660","","1427.92","1","10898833","2201564266","PP_18","RNA-Seq","TRANSCRIPTOMIC","cDNA"
"SRX738845","Zea mays 12_POL_INT_R1 (PP_17)","Zea mays","Illumina HiSeq 2000","MSU-BUELL","SRP014652","Zea mays Transcriptome or Gene expression","SRS726712","","1150.99","1","8587208","1734616016","PP_17","RNA-Seq","TRANSCRIPTOMIC","cDNA"
"SRX738844","Zea mays 6_NOPOL_INT_R2 (PP_12)","Zea mays","Illumina HiSeq 2000","MSU-BUELL","SRP014652","Zea mays Transcriptome or Gene expression","SRS726711","","915.46","1","6327314","1278117428","PP_12","RNA-Seq","TRANSCRIPTOMIC","cDNA"
"SRX738843","Zea mays 6_NOPOL_INT_R1 (PP_11)","Zea mays","Illumina HiSeq 2000","MSU-BUELL","SRP014652","Zea mays Transcriptome or Gene expression","SRS726659","","1103.73","1","8134174","1643103148","PP_11","RNA-Seq","TRANSCRIPTOMIC","cDNA"
"SRX738841","Zea mays 6_POL_INT_R2 (PP_10)","Zea mays","Illumina HiSeq 2000","MSU-BUELL","SRP014652","Zea mays Transcriptome or Gene expression","SRS726657","","843.84","1","5837440","1179162880","PP_10","RNA-Seq","TRANSCRIPTOMIC","cDNA"
"SRX325703","Zea Mays, B73 18DAP Whole Seed Rep2 RNA-seq","Zea mays subsp. mays","Illumina HiSeq 2000","MSU-BUELL","SRP014652","Zea mays Transcriptome or Gene expression","SRS352476","","1209.23","1","16883589","1705242489","SK143_L","RNA-Seq","TRANSCRIPTOMIC","unspecified"
"SRX320199","Zea Mays, B73 16DAP_Embryo_R3 RNA-seq","Zea mays subsp. mays","Illumina HiSeq 2000","MSU-BUELL","SRP014652","Zea mays Transcriptome or Gene expression","SRS291106","","1082.71","1","15314143","1546728443","SK141_L","RNA-Seq","TRANSCRIPTOMIC","unspecified"
"SRX320198","Zea Mays, B73 16DAP_Embryo_R2 RNA-seq","Zea mays subsp. mays","Illumina HiSeq 2000","MSU-BUELL","SRP014652","Zea mays Transcriptome or Gene expression","SRS291105","","739.25","1","10425002","1052925202","SK140_L","RNA-Seq","TRANSCRIPTOMIC","unspecified"
"SRX320197","Zea Mays, B73 16DAP_Embryo_R1 RNA-seq","Zea mays subsp. mays","Illumina HiSeq 2000","MSU-BUELL","SRP014652","Zea mays Transcriptome or Gene expression","SRS291104","","1018.85","1","14364117","1450775817","SK139_L","RNA-Seq","TRANSCRIPTOMIC","unspecified"
"SRX320196","Zea Mays, B73 16DAP_Endosperm_R3 RNA-seq","Zea mays subsp. mays","Illumina HiSeq 2000","MSU-BUELL","SRP014652","Zea mays Transcriptome or Gene expression","SRS291103","","1248.24","1","17492050","1766697050","SK138_L","RNA-Seq","TRANSCRIPTOMIC","unspecified"
"SRX320195","Zea Mays, B73 16DAP_Endosperm_R2 RNA-seq","Zea mays subsp. mays","Illumina HiSeq 2000","MSU-BUELL","SRP014652","Zea mays Transcriptome or Gene expression","SRS291102","","836.01","1","11789391","1190728491","SK137_L","RNA-Seq","TRANSCRIPTOMIC","unspecified"
"SRX320194","Zea Mays, B73 16DAP_Endosperm_R1 RNA-seq","Zea mays subsp. mays","Illumina HiSeq 2000","MSU-BUELL","SRP014652","Zea mays Transcriptome or Gene expression","SRS291101","","801.98","1","11259554","1137214954","SK136_L","RNA-Seq","TRANSCRIPTOMIC","unspecified"
"SRX320193","Zea Mays, B73 16DAP_Whole seed_R2 RNA-seq","Zea mays subsp. mays","Illumina HiSeq 2000","MSU-BUELL","SRP014652","Zea mays Transcriptome or Gene expression","SRS291099","","806.33","1","11266865","1137953365","SK134_L","RNA-Seq","TRANSCRIPTOMIC","unspecified"
"SRX320192","Zea Mays, B73 14DAP_Endopsperm_R1 RNA-seq","Zea mays subsp. mays","Illumina HiSeq 2000","MSU-BUELL","SRP014652","Zea mays Transcriptome or Gene expression","SRS291095","","1098.79","1","15313763","1546690063","SK130_L","RNA-Seq","TRANSCRIPTOMIC","unspecified"
"SRX320191","Zea Mays, B73 14DAP_Whole seed_R3 RNA-seq","Zea mays subsp. mays","Illumina HiSeq 2000","MSU-BUELL","SRP014652","Zea mays Transcriptome or Gene expression","SRS291094","","1002.29","1","13637259","1377363159","SK129_L","RNA-Seq","TRANSCRIPTOMIC","unspecified"
"SRX320190","Zea Mays, B73 14DAP_Whole seed_R2 RNA-seq","Zea mays subsp. mays","Illumina HiSeq 2000","MSU-BUELL","SRP014652","Zea mays Transcriptome or Gene expression","SRS291093","","1397.83","1","19003558","1919359358","SK128_L","RNA-Seq","TRANSCRIPTOMIC","unspecified"
"SRX320189","Zea Mays, B73 12DAP_Whole seed_R3 RNA-seq","Zea mays subsp. mays","Illumina HiSeq 2000","MSU-BUELL","SRP014652","Zea mays Transcriptome or Gene expression","SRS291087","","1225.51","1","17054658","1722520458","SK123_L","RNA-Seq","TRANSCRIPTOMIC","unspecified"
"SRX320188","Zea Mays, B73 12DAP_Whole seed_R2 RNA-seq","Zea mays subsp. mays","Illumina HiSeq 2000","MSU-BUELL","SRP014652","Zea mays Transcriptome or Gene expression","SRS291086","","705.41","1","9833536","993187136","SK122_L","RNA-Seq","TRANSCRIPTOMIC","unspecified"
"SRX320187","Zea Mays, B73 12DAP_Whole seed_R1 RNA-seq","Zea mays subsp. mays","Illumina HiSeq 2000","MSU-BUELL","SRP014652","Zea mays Transcriptome or Gene expression","SRS291085","","1068.81","1","14903814","1505285214","SK121_L","RNA-Seq","TRANSCRIPTOMIC","unspecified"
"SRX320186","Zea Mays, B73 10DAP_Whole seed_R3 RNA-seq","Zea mays subsp. mays","Illumina HiSeq 2000","MSU-BUELL","SRP014652","Zea mays Transcriptome or Gene expression","SRS291084","","1234.67","1","17147567","1731904267","SK120_L","RNA-Seq","TRANSCRIPTOMIC","unspecified"
"SRX320185","Zea Mays, B73 10DAP_Whole seed_R2 RNA-seq","Zea mays subsp. mays","Illumina HiSeq 2000","MSU-BUELL","SRP014652","Zea mays Transcriptome or Gene expression","SRS291083","","1321.3","1","18431351","1861566451","SK119_L","RNA-Seq","TRANSCRIPTOMIC","unspecified"
"SRX320183","Zea Mays, B73 R2_Thirteenth Leaf_R3 RNA-seq","Zea mays subsp. mays","Illumina HiSeq 2000","MSU-BUELL","SRP014652","Zea mays Transcriptome or Gene expression","SRS291081","","234.22","1","3339042","337243242","SK099_L","RNA-Seq","TRANSCRIPTOMIC","unspecified"
"SRX320182","Zea Mays, B73 R2_Thirteenth Leaf_R2 RNA-seq","Zea mays subsp. mays","Illumina HiSeq 2000","MSU-BUELL","SRP014652","Zea mays Transcriptome or Gene expression","SRS291080","","914.91","1","13097581","1322855681","SK098_L","RNA-Seq","TRANSCRIPTOMIC","unspecified"
"SRX320181","Zea Mays, B73 R2_Thirteenth Leaf_R1 RNA-seq","Zea mays subsp. mays","Illumina HiSeq 2000","MSU-BUELL","SRP014652","Zea mays Transcriptome or Gene expression","SRS291079","","748.58","1","10640131","1074653231","SK097_L","RNA-Seq","TRANSCRIPTOMIC","unspecified"
"SRX320180","Zea Mays, B73 VT_Thirteenth Leaf_R3 RNA-seq","Zea mays subsp. mays","Illumina HiSeq 2000","MSU-BUELL","SRP014652","Zea mays Transcriptome or Gene expression","SRS291078","","705.7","1","9939688","1003908488","SK084_L","RNA-Seq","TRANSCRIPTOMIC","unspecified"
"SRX320179","Zea Mays, B73 VT_Thirteenth Leaf_R2 RNA-seq","Zea mays subsp. mays","Illumina HiSeq 2000","MSU-BUELL","SRP014652","Zea mays Transcriptome or Gene expression","SRS291077","","539.88","1","7610859","768696759","SK083_L","RNA-Seq","TRANSCRIPTOMIC","unspecified"
"SRX320178","Zea Mays, B73 VT_Thirteenth Leaf_R1 RNA-seq","Zea mays subsp. mays","Illumina HiSeq 2000","MSU-BUELL","SRP014652","Zea mays Transcriptome or Gene expression","SRS291076","","443.61","1","6217809","627998709","SK082_L","RNA-Seq","TRANSCRIPTOMIC","unspecified"
"SRX320177","Zea Mays, B73 V9_Immature Leaves_R3 RNA-seq","Zea mays subsp. mays","Illumina HiSeq 2000","MSU-BUELL","SRP014652","Zea mays Transcriptome or Gene expression","SRS291075","","874.53","1","12330906","1245421506","SK072_L","RNA-Seq","TRANSCRIPTOMIC","unspecified"
"SRX320176","Zea Mays, B73 V9_Immature Leaves_R2 RNA-seq","Zea mays subsp. mays","Illumina HiSeq 2000","MSU-BUELL","SRP014652","Zea mays Transcriptome or Gene expression","SRS291074","","1238.17","1","17563036","1773866636","SK071_L","RNA-Seq","TRANSCRIPTOMIC","unspecified"
"SRX320175","Zea Mays, B73 V9_Immature Leaves_R1 RNA-seq","Zea mays subsp. mays","Illumina HiSeq 2000","MSU-BUELL","SRP014652","Zea mays Transcriptome or Gene expression","SRS291073","","931.03","1","13253623","1338615923","SK070_L","RNA-Seq","TRANSCRIPTOMIC","unspecified"
"SRX320174","Zea Mays, B73 V9_Thirteenth Leaf_R3 RNA-seq","Zea mays subsp. mays","Illumina HiSeq 2000","MSU-BUELL","SRP014652","Zea mays Transcriptome or Gene expression","SRS291072","","603.19","1","8498692","858367892","SK069_L","RNA-Seq","TRANSCRIPTOMIC","unspecified"
"SRX320173","Zea Mays, B73 V9_Thirteenth Leaf_R2 RNA-seq","Zea mays subsp. mays","Illumina HiSeq 2000","MSU-BUELL","SRP014652","Zea mays Transcriptome or Gene expression","SRS291071","","680.43","1","9592796","968872396","SK068_L","RNA-Seq","TRANSCRIPTOMIC","unspecified"
"SRX320172","Zea Mays, B73 V9_Thirteenth Leaf_R1 RNA-seq","Zea mays subsp. mays","Illumina HiSeq 2000","MSU-BUELL","SRP014652","Zea mays Transcriptome or Gene expression","SRS291070","","880.2","1","12363437","1248707137","SK067_L","RNA-Seq","TRANSCRIPTOMIC","unspecified"
"SRX320171","Zea Mays, B73 V9_Eleventh Leaf_R3 RNA-seq","Zea mays subsp. mays","Illumina HiSeq 2000","MSU-BUELL","SRP014652","Zea mays Transcriptome or Gene expression","SRS291069","","225.79","1","3201328","323334128","SK066_L","RNA-Seq","TRANSCRIPTOMIC","unspecified"
"SRX320170","Zea Mays, B73 V9_Eleventh Leaf_R2 RNA-seq","Zea mays subsp. mays","Illumina HiSeq 2000","MSU-BUELL","SRP014652","Zea mays Transcriptome or Gene expression","SRS291068","","560.21","1","7939105","801849605","SK065_L","RNA-Seq","TRANSCRIPTOMIC","unspecified"
"SRX320166","Zea Mays, B73 V9_Eleventh Leaf_R1 RNA-seq","Zea mays subsp. mays","Illumina HiSeq 2000","MSU-BUELL","SRP014652","Zea mays Transcriptome or Gene expression","SRS291067","","613.31","1","8700245","878724745","SK064_L","RNA-Seq","TRANSCRIPTOMIC","unspecified"
"SRX320165","Zea Mays, B73 V9_Eighth Leaf_R3 RNA-seq","Zea mays subsp. mays","Illumina HiSeq 2000","MSU-BUELL","SRP014652","Zea mays Transcriptome or Gene expression","SRS291022","","380.18","1","5337862","539124062","SK063_L","RNA-Seq","TRANSCRIPTOMIC","unspecified"
"SRX320164","Zea Mays, B73 V9_Eighth Leaf_R2 RNA-seq","Zea mays subsp. mays","Illumina HiSeq 2000","MSU-BUELL","SRP014652","Zea mays Transcriptome or Gene expression","SRS291021","","540.86","1","7573491","764922591","SK062_L","RNA-Seq","TRANSCRIPTOMIC","unspecified"
"SRX320163","Zea Mays, B73 V9_Eighth Leaf_R1 RNA-seq","Zea mays subsp. mays","Illumina HiSeq 2000","MSU-BUELL","SRP014652","Zea mays Transcriptome or Gene expression","SRS291020","","1499.69","1","21370924","2158463324","SK061_L","RNA-Seq","TRANSCRIPTOMIC","unspecified"
"SRX320162","Zea Mays, B73 12DAP_Endopsperm_R2 RNA-seq","Zea mays subsp. mays","Illumina HiSeq 2000","MSU-BUELL","SRP014652","Zea mays Transcriptome or Gene expression","SRS291090","","3944.41","1","57163500","5773513500","SK125_L","RNA-Seq","TRANSCRIPTOMIC","unspecified"
"SRX320161","Zea Mays, B73 12DAP_Endopsperm_R1 RNA-seq","Zea mays subsp. mays","Illumina HiSeq 2000","MSU-BUELL","SRP014652","Zea mays Transcriptome or Gene expression","SRS291089","","4151.57","1","68501530","6918654530","SK124_L","RNA-Seq","TRANSCRIPTOMIC","unspecified"
"SRX172711","Zea Mays, B73 6 DAS (GH) Coleoptile Rep1 RNA-seq","Zea mays subsp. mays","Illumina HiSeq 2000","MSU-BUELL","SRP014652","Zea mays Transcriptome or Gene expression","SRS352412","","123.97","1","1656666","167323266","","RNA-Seq","TRANSCRIPTOMIC","cDNA"
"SRX172835","Zea Mays, B73 24DAP Embryo Rep3 RNA-seq","Zea mays subsp. mays","Illumina HiSeq 2000","MSU-BUELL","SRP014652","Zea mays Transcriptome or Gene expression","SRS352518","Maize","1920.02","1","28053936","2805393600","","RNA-Seq","TRANSCRIPTOMIC","cDNA"
"SRX172834","Zea Mays, B73 24DAP Embryo Rep2 RNA-seq","Zea mays subsp. mays","Illumina HiSeq 2000","MSU-BUELL","SRP014652","Zea mays Transcriptome or Gene expression","SRS352517","Maize","1591.25","1","23044793","2304479300","","RNA-Seq","TRANSCRIPTOMIC","cDNA"
"SRX172833","Zea Mays, B73 24DAP Embryo Rep1 RNA-seq","Zea mays subsp. mays","Illumina HiSeq 2000","MSU-BUELL","SRP014652","Zea mays Transcriptome or Gene expression","SRS352514","Maize","1675.61","1","24288855","2428885500","","RNA-Seq","TRANSCRIPTOMIC","cDNA"
"SRX172832","Zea Mays, B73 24DAP Endosperm Rep3 RNA-seq","Zea mays subsp. mays","Illumina HiSeq 2000","MSU-BUELL","SRP014652","Zea mays Transcriptome or Gene expression","SRS352511","Maize","907.19","1","13155429","1315542900","","RNA-Seq","TRANSCRIPTOMIC","cDNA"
"SRX172831","Zea Mays, B73 24DAP Endosperm Rep2 RNA-seq","Zea mays subsp. mays","Illumina HiSeq 2000","MSU-BUELL","SRP014652","Zea mays Transcriptome or Gene expression","SRS352508","","1212.08","1","17552684","1755268400","","RNA-Seq","TRANSCRIPTOMIC","cDNA"
"SRX172830","Zea Mays, B73 24DAP Endosperm Rep1 RNA-seq","Zea mays subsp. mays","Illumina HiSeq 2000","MSU-BUELL","SRP014652","Zea mays Transcriptome or Gene expression","SRS352507","","1151.65","1","16703204","1670320400","","RNA-Seq","TRANSCRIPTOMIC","cDNA"
"SRX172829","Zea Mays, B73 24DAP Whole Seed Rep3 RNA-seq","Zea mays subsp. mays","Illumina HiSeq 2000","MSU-BUELL","SRP014652","Zea mays Transcriptome or Gene expression","SRS352506","","1789.85","1","26008958","2600895800","","RNA-Seq","TRANSCRIPTOMIC","cDNA"
"SRX172828","Zea Mays, B73 24DAP Whole Seed Rep2 RNA-seq","Zea mays subsp. mays","Illumina HiSeq 2000","MSU-BUELL","SRP014652","Zea mays Transcriptome or Gene expression","SRS352505","","2403.05","1","34994687","3499468700","","RNA-Seq","TRANSCRIPTOMIC","cDNA"
"SRX172827","Zea Mays, B73 24DAP Whole Seed Rep1 RNA-seq","Zea mays subsp. mays","Illumina HiSeq 2000","MSU-BUELL","SRP014652","Zea mays Transcriptome or Gene expression","SRS352504","","2691.04","1","38769265","3876926500","","RNA-Seq","TRANSCRIPTOMIC","cDNA"
"SRX172826","Zea Mays, B73 22DAP Embryo Rep3 RNA-seq","Zea mays subsp. mays","Illumina HiSeq 2000","MSU-BUELL","SRP014652","Zea mays Transcriptome or Gene expression","SRS352503","","1895.16","1","27124111","2712411100","","RNA-Seq","TRANSCRIPTOMIC","cDNA"
"SRX172825","Zea Mays, B73 22DAP Embryo Rep2 RNA-seq","Zea mays subsp. mays","Illumina HiSeq 2000","MSU-BUELL","SRP014652","Zea mays Transcriptome or Gene expression","SRS352502","","1434.26","1","20538215","2053821500","","RNA-Seq","TRANSCRIPTOMIC","cDNA"
"SRX172824","Zea Mays, B73 22DAP Embryo Rep1 RNA-seq","Zea mays subsp. mays","Illumina HiSeq 2000","MSU-BUELL","SRP014652","Zea mays Transcriptome or Gene expression","SRS352501","","836.27","1","11961956","1196195600","","RNA-Seq","TRANSCRIPTOMIC","cDNA"
"SRX172823","Zea Mays, B73 22DAP Endosperm Rep3 RNA-seq","Zea mays subsp. mays","Illumina HiSeq 2000","MSU-BUELL","SRP014652","Zea mays Transcriptome or Gene expression","SRS352500","","1537.72","1","22004829","2200482900","","RNA-Seq","TRANSCRIPTOMIC","cDNA"
"SRX172822","Zea Mays, B73 22DAP Endosperm Rep2 RNA-seq","Zea mays subsp. mays","Illumina HiSeq 2000","MSU-BUELL","SRP014652","Zea mays Transcriptome or Gene expression","SRS352499","","1132.56","1","16211696","1621169600","","RNA-Seq","TRANSCRIPTOMIC","cDNA"
"SRX172821","Zea Mays, B73 22DAP Endosperm Rep1 RNA-seq","Zea mays subsp. mays","Illumina HiSeq 2000","MSU-BUELL","SRP014652","Zea mays Transcriptome or Gene expression","SRS352498","","1197.54","1","17230911","1723091100","","RNA-Seq","TRANSCRIPTOMIC","cDNA"
"SRX172820","Zea Mays, B73 22DAP Whole Seed Rep3 RNA-seq","Zea mays subsp. mays","Illumina HiSeq 2000","MSU-BUELL","SRP014652","Zea mays Transcriptome or Gene expression","SRS352497","","1780.81","1","25504362","2550436200","","RNA-Seq","TRANSCRIPTOMIC","cDNA"
"SRX172819","Zea Mays, B73 22DAP Whole Seed Rep2 RNA-seq","Zea mays subsp. mays","Illumina HiSeq 2000","MSU-BUELL","SRP014652","Zea mays Transcriptome or Gene expression","SRS352496","","2124.78","1","30303646","3030364600","","RNA-Seq","TRANSCRIPTOMIC","cDNA"
"SRX172818","Zea Mays, B73 22DAP Whole Seed Rep1 RNA-seq","Zea mays subsp. mays","Illumina HiSeq 2000","MSU-BUELL","SRP014652","Zea mays Transcriptome or Gene expression","SRS352495","","1601.03","1","22716882","2271688200","","RNA-Seq","TRANSCRIPTOMIC","cDNA"
"SRX172817","Zea Mays, B73 20DAP Embryo Rep3 RNA-seq","Zea mays subsp. mays","Illumina HiSeq 2000","MSU-BUELL","SRP014652","Zea mays Transcriptome or Gene expression","SRS352494","","1328.85","1","18858119","1885811900","","RNA-Seq","TRANSCRIPTOMIC","cDNA"
"SRX172816","Zea Mays, B73 20DAP Embryo Rep2 RNA-seq","Zea mays subsp. mays","Illumina HiSeq 2000","MSU-BUELL","SRP014652","Zea mays Transcriptome or Gene expression","SRS352493","","1090.74","1","15462088","1546208800","","RNA-Seq","TRANSCRIPTOMIC","cDNA"
"SRX172815","Zea Mays, B73 20DAP Embryo Rep1 RNA-seq","Zea mays subsp. mays","Illumina HiSeq 2000","MSU-BUELL","SRP014652","Zea mays Transcriptome or Gene expression","SRS352492","","1175.43","1","16618608","1661860800","","RNA-Seq","TRANSCRIPTOMIC","cDNA"
"SRX172814","Zea Mays, B73 20DAP Endosperm Rep3 RNA-seq","Zea mays subsp. mays","Illumina HiSeq 2000","MSU-BUELL","SRP014652","Zea mays Transcriptome or Gene expression","SRS352491","","2136.55","1","30345595","3034559500","","RNA-Seq","TRANSCRIPTOMIC","cDNA"
"SRX172813","Zea Mays, B73 20DAP Endosperm Rep2 RNA-seq","Zea mays subsp. mays","Illumina HiSeq 2000","MSU-BUELL","SRP014652","Zea mays Transcriptome or Gene expression","SRS352490","","1454.08","1","20658488","2065848800","","RNA-Seq","TRANSCRIPTOMIC","cDNA"
"SRX172812","Zea Mays, B73 20DAP Endosperm Rep1 RNA-seq","Zea mays subsp. mays","Illumina HiSeq 2000","MSU-BUELL","SRP014652","Zea mays Transcriptome or Gene expression","SRS352489","","2027.3","1","28857741","2885774100","","RNA-Seq","TRANSCRIPTOMIC","cDNA"
"SRX172811","Zea Mays, B73 20DAP Whole Seed Rep3 RNA-seq","Zea mays subsp. mays","Illumina HiSeq 2000","MSU-BUELL","SRP014652","Zea mays Transcriptome or Gene expression","SRS352488","","1575.84","1","22540383","2254038300","","RNA-Seq","TRANSCRIPTOMIC","cDNA"
"SRX172810","Zea Mays, B73 20DAP Whole Seed Rep2 RNA-seq","Zea mays subsp. mays","Illumina HiSeq 2000","MSU-BUELL","SRP014652","Zea mays Transcriptome or Gene expression","SRS352487","","2368.76","1","33960111","3396011100","","RNA-Seq","TRANSCRIPTOMIC","cDNA"
"SRX172809","Zea Mays, B73 20DAP Whole Seed Rep1 RNA-seq","Zea mays subsp. mays","Illumina HiSeq 2000","MSU-BUELL","SRP014652","Zea mays Transcriptome or Gene expression","SRS352486","","1872.96","1","26845118","2684511800","","RNA-Seq","TRANSCRIPTOMIC","cDNA"
"SRX172808","Zea Mays, B73 18DAP Pericarp Rep3 RNA-seq","Zea mays subsp. mays","Illumina HiSeq 2000","MSU-BUELL","SRP014652","Zea mays Transcriptome or Gene expression","SRS352485","","1678.7","1","24082750","2408275000","","RNA-Seq","TRANSCRIPTOMIC","cDNA"
"SRX172807","Zea Mays, B73 18DAP Pericarp Rep2 RNA-seq","Zea mays subsp. mays","Illumina HiSeq 2000","MSU-BUELL","SRP014652","Zea mays Transcriptome or Gene expression","SRS352484","","1762.38","1","25206148","2520614800","","RNA-Seq","TRANSCRIPTOMIC","cDNA"
"SRX172806","Zea Mays, B73 18DAP Embryo Rep3 RNA-seq","Zea mays subsp. mays","Illumina HiSeq 2000","MSU-BUELL","SRP014652","Zea mays Transcriptome or Gene expression","SRS352483","","1055.38","1","15062608","1506260800","","RNA-Seq","TRANSCRIPTOMIC","cDNA"
"SRX172805","Zea Mays, B73 18DAP Embryo Rep2 RNA-seq","Zea mays subsp. mays","Illumina HiSeq 2000","MSU-BUELL","SRP014652","Zea mays Transcriptome or Gene expression","SRS352482","","2594.04","1","36987657","3698765700","","RNA-Seq","TRANSCRIPTOMIC","cDNA"
"SRX172804","Zea Mays, B73 18DAP Embryo Rep1 RNA-seq","Zea mays subsp. mays","Illumina HiSeq 2000","MSU-BUELL","SRP014652","Zea mays Transcriptome or Gene expression","SRS352481","","1488.84","1","20885092","2088509200","","RNA-Seq","TRANSCRIPTOMIC","cDNA"
"SRX172803","Zea Mays, B73 18DAP Endosperm Rep3 RNA-seq","Zea mays subsp. mays","Illumina HiSeq 2000","MSU-BUELL","SRP014652","Zea mays Transcriptome or Gene expression","SRS352480","","965.27","1","13540687","1354068700","","RNA-Seq","TRANSCRIPTOMIC","cDNA"
"SRX172802","Zea Mays, B73 18DAP Endosperm Rep2 RNA-seq","Zea mays subsp. mays","Illumina HiSeq 2000","MSU-BUELL","SRP014652","Zea mays Transcriptome or Gene expression","SRS352479","","2263.91","1","31753606","3175360600","","RNA-Seq","TRANSCRIPTOMIC","cDNA"
"SRX172801","Zea Mays, B73 18DAP Endosperm Rep1 RNA-seq","Zea mays subsp. mays","Illumina HiSeq 2000","MSU-BUELL","SRP014652","Zea mays Transcriptome or Gene expression","SRS352478","","2406.64","1","33886845","3388684500","","RNA-Seq","TRANSCRIPTOMIC","cDNA"
"SRX172800","Zea Mays, B73 18DAP Whole Seed Rep3 RNA-seq","Zea mays subsp. mays","Illumina HiSeq 2000","MSU-BUELL","SRP014652","Zea mays Transcriptome or Gene expression","SRS352477","","1232.3","1","17261204","1726120400","","RNA-Seq","TRANSCRIPTOMIC","cDNA"
"SRX172799","Zea Mays, B73 18DAP Whole Seed Rep2 RNA-seq","Zea mays subsp. mays","Illumina HiSeq 2000","MSU-BUELL","SRP014652","Zea mays Transcriptome or Gene expression","SRS352476","","515.8","1","7227940","722794000","","RNA-Seq","TRANSCRIPTOMIC","cDNA"
"SRX172798","Zea Mays, B73 18DAP Whole Seed Rep1 RNA-seq","Zea mays subsp. mays","Illumina HiSeq 2000","MSU-BUELL","SRP014652","Zea mays Transcriptome or Gene expression","SRS352475","","1335.25","1","18692953","1869295300","","RNA-Seq","TRANSCRIPTOMIC","cDNA"
"SRX172797","Zea Mays, B73 8DAP Whole Seed Rep3 RNA-seq","Zea mays subsp. mays","Illumina HiSeq 2000","MSU-BUELL","SRP014652","Zea mays Transcriptome or Gene expression","SRS352474","","1563.36","1","21896715","2189671500","","RNA-Seq","TRANSCRIPTOMIC","cDNA"
"SRX172796","Zea Mays, B73 8DAP Whole Seed Rep2 RNA-seq","Zea mays subsp. mays","Illumina HiSeq 2000","MSU-BUELL","SRP014652","Zea mays Transcriptome or Gene expression","SRS352473","","1195.74","1","16732757","1673275700","","RNA-Seq","TRANSCRIPTOMIC","cDNA"
"SRX172795","Zea Mays, B73 8DAP Whole Seed Rep1 RNA-seq","Zea mays subsp. mays","Illumina HiSeq 2000","MSU-BUELL","SRP014652","Zea mays Transcriptome or Gene expression","SRS352472","","1855.43","1","26050179","2605017900","","RNA-Seq","TRANSCRIPTOMIC","cDNA"
"SRX172794","Zea Mays, B73 6DAP Whole seed Rep3 RNA-seq","Zea mays subsp. mays","Illumina HiSeq 2000","MSU-BUELL","SRP014652","Zea mays Transcriptome or Gene expression","SRS352471","","1498.74","1","21061509","2106150900","","RNA-Seq","TRANSCRIPTOMIC","cDNA"
"SRX172793","Zea Mays, B73 6DAP Whole seed Rep2 RNA-seq","Zea mays subsp. mays","Illumina HiSeq 2000","MSU-BUELL","SRP014652","Zea mays Transcriptome or Gene expression","SRS352470","","1646.95","1","23055017","2305501700","","RNA-Seq","TRANSCRIPTOMIC","cDNA"
"SRX172792","Zea Mays, B73 6DAP Whole seed Rep1 RNA-seq","Zea mays subsp. mays","Illumina HiSeq 2000","MSU-BUELL","SRP014652","Zea mays Transcriptome or Gene expression","SRS352469","","1124.49","1","15758780","1575878000","","RNA-Seq","TRANSCRIPTOMIC","cDNA"
"SRX172791","Zea Mays, B73 4DAP Whole Seed Rep3 RNA-seq","Zea mays subsp. mays","Illumina HiSeq 2000","MSU-BUELL","SRP014652","Zea mays Transcriptome or Gene expression","SRS352468","","1379.59","1","19322241","1932224100","","RNA-Seq","TRANSCRIPTOMIC","cDNA"
"SRX172790","Zea Mays, B73 4DAP Whole Seed Rep2 RNA-seq","Zea mays subsp. mays","Illumina HiSeq 2000","MSU-BUELL","SRP014652","Zea mays Transcriptome or Gene expression","SRS352467","","4666.37","1","68029636","6802963600","","RNA-Seq","TRANSCRIPTOMIC","cDNA"
"SRX172789","Zea Mays, B73 4DAP Whole Seed Rep1 RNA-seq","Zea mays subsp. mays","Illumina HiSeq 2000","MSU-BUELL","SRP014652","Zea mays Transcriptome or Gene expression","SRS352466","","1454.03","1","21178997","2117899700","","RNA-Seq","TRANSCRIPTOMIC","cDNA"
"SRX172788","Zea Mays, B73 2DAP Whole seed Rep3 RNA-seq","Zea mays subsp. mays","Illumina HiSeq 2000","MSU-BUELL","SRP014652","Zea mays Transcriptome or Gene expression","SRS352465","","1336.78","1","19432038","1943203800","","RNA-Seq","TRANSCRIPTOMIC","cDNA"
"SRX172787","Zea Mays, B73 2DAP Whole seed Rep2 RNA-seq","Zea mays subsp. mays","Illumina HiSeq 2000","MSU-BUELL","SRP014652","Zea mays Transcriptome or Gene expression","SRS352464","","1508.44","1","21908199","2190819900","","RNA-Seq","TRANSCRIPTOMIC","cDNA"
"SRX172786","Zea Mays, B73 2DAP Whole seed Rep1 RNA-seq","Zea mays subsp. mays","Illumina HiSeq 2000","MSU-BUELL","SRP014652","Zea mays Transcriptome or Gene expression","SRS352463","","912.91","1","13276194","1327619400","","RNA-Seq","TRANSCRIPTOMIC","cDNA"
"SRX172785","Zea Mays, B73 R1 Anthers Rep3 RNA-seq","Zea mays subsp. mays","Illumina HiSeq 2000","MSU-BUELL","SRP014652","Zea mays Transcriptome or Gene expression","SRS352462","","1923.04","1","27987824","2798782400","","RNA-Seq","TRANSCRIPTOMIC","cDNA"
"SRX172784","Zea Mays, B73 R1 Anthers Rep2 RNA-seq","Zea mays subsp. mays","Illumina HiSeq 2000","MSU-BUELL","SRP014652","Zea mays Transcriptome or Gene expression","SRS352461","","891.69","1","12930792","1293079200","","RNA-Seq","TRANSCRIPTOMIC","cDNA"
"SRX172783","Zea Mays, B73 R1 Anthers Rep1 RNA-seq","Zea mays subsp. mays","Illumina HiSeq 2000","MSU-BUELL","SRP014652","Zea mays Transcriptome or Gene expression","SRS352460","","924.77","1","13175999","1330775899","","RNA-Seq","TRANSCRIPTOMIC","cDNA"
"SRX172782","Zea Mays, B73 R1 Silks Rep3 RNA-seq","Zea mays subsp. mays","Illumina HiSeq 2000","MSU-BUELL","SRP014652","Zea mays Transcriptome or Gene expression","SRS352459","","3757.12","1","54101718","5464273518","","RNA-Seq","TRANSCRIPTOMIC","cDNA"
"SRX172781","Zea Mays, B73 R1 Silks Rep2 RNA-seq","Zea mays subsp. mays","Illumina HiSeq 2000","MSU-BUELL","SRP014652","Zea mays Transcriptome or Gene expression","SRS352458","","1266.75","1","18160159","1834176059","","RNA-Seq","TRANSCRIPTOMIC","cDNA"
"SRX172780","Zea Mays, B73 R1 Silks Rep1 RNA-seq","Zea mays subsp. mays","Illumina HiSeq 2000","MSU-BUELL","SRP014652","Zea mays Transcriptome or Gene expression","SRS352457","","1127.13","1","16102915","1626394415","","RNA-Seq","TRANSCRIPTOMIC","cDNA"
"SRX172779","Zea Mays, B73 R1 Pre-pollination cob Rep3 RNA-seq","Zea mays subsp. mays","Illumina HiSeq 2000","MSU-BUELL","SRP014652","Zea mays Transcriptome or Gene expression","SRS352456","","2035.9","1","29201131","2949314231","","RNA-Seq","TRANSCRIPTOMIC","cDNA"
"SRX172778","Zea Mays, B73 R1 Pre-pollination cob Rep2 RNA-seq","Zea mays subsp. mays","Illumina HiSeq 2000","MSU-BUELL","SRP014652","Zea mays Transcriptome or Gene expression","SRS352455","","1543.24","1","22156781","2237834881","","RNA-Seq","TRANSCRIPTOMIC","cDNA"
"SRX172777","Zea Mays, B73 R1 Pre-pollination cob Rep1 RNA-seq","Zea mays subsp. mays","Illumina HiSeq 2000","MSU-BUELL","SRP014652","Zea mays Transcriptome or Gene expression","SRS352454","","2119.99","1","30490451","3079535551","","RNA-Seq","TRANSCRIPTOMIC","cDNA"
"SRX172776","Zea Mays, B73 V18 Immature cob Rep3 RNA-seq","Zea mays subsp. mays","Illumina HiSeq 2000","MSU-BUELL","SRP014652","Zea mays Transcriptome or Gene expression","SRS352453","","1778.76","1","24761273","2500888573","","RNA-Seq","TRANSCRIPTOMIC","cDNA"
"SRX172775","Zea Mays, B73 V18 Immature cob Rep2 RNA-seq","Zea mays subsp. mays","Illumina HiSeq 2000","MSU-BUELL","SRP014652","Zea mays Transcriptome or Gene expression","SRS352452","","1775.28","1","24816127","2506428827","","RNA-Seq","TRANSCRIPTOMIC","cDNA"
"SRX172774","Zea Mays, B73 V18 Immature cob Rep1 RNA-seq","Zea mays subsp. mays","Illumina HiSeq 2000","MSU-BUELL","SRP014652","Zea mays Transcriptome or Gene expression","SRS352451","","1170.42","1","16323607","1648684307","","RNA-Seq","TRANSCRIPTOMIC","cDNA"
"SRX172773","Zea Mays, B73 V18 Meiotic tassel Rep3 RNA-seq","Zea mays subsp. mays","Illumina HiSeq 2000","MSU-BUELL","SRP014652","Zea mays Transcriptome or Gene expression","SRS352450","","1376.11","1","19107990","1929906990","","RNA-Seq","TRANSCRIPTOMIC","cDNA"
"SRX172772","Zea Mays, B73 V18 Meiotic tassel Rep2 RNA-seq","Zea mays subsp. mays","Illumina HiSeq 2000","MSU-BUELL","SRP014652","Zea mays Transcriptome or Gene expression","SRS352449","","801.73","1","11148621","1126010721","","RNA-Seq","TRANSCRIPTOMIC","cDNA"
"SRX172732","Zea Mays, B73 V3 Topmost leaf Rep3 RNA-seq","Zea mays subsp. mays","Illumina HiSeq 2000","MSU-BUELL","SRP014652","Zea mays Transcriptome or Gene expression","SRS352426","","1024.9","1","14039938","1418033738","","RNA-Seq","TRANSCRIPTOMIC","cDNA"
"SRX172726","Zea Mays, B73 V1 (4D PE) Stem   SAM Rep3 RNA-seq","Zea mays subsp. mays","Illumina HiSeq 2000","MSU-BUELL","SRP014652","Zea mays Transcriptome or Gene expression","SRS352420","","1190.72","1","16415142","1657929342","","RNA-Seq","TRANSCRIPTOMIC","cDNA"
"SRX172724","Zea Mays, B73 V1 (4D PE) Stem   SAM Rep1 RNA-seq","Zea mays subsp. mays","Illumina HiSeq 2000","MSU-BUELL","SRP014652","Zea mays Transcriptome or Gene expression","SRS352418","","1928.85","1","28802689","2880268900","","RNA-Seq","TRANSCRIPTOMIC","cDNA"
"SRX172723","Zea Mays, B73 V1 (4D PE) Stem   SAM Rep1 RNA-seq","Zea mays subsp. mays","Illumina HiSeq 2000","MSU-BUELL","SRP014652","Zea mays Transcriptome or Gene expression","SRS352418","","196.03","1","2625210","265146210","","RNA-Seq","TRANSCRIPTOMIC","cDNA"
"SRX172722","Zea Mays, B73 V1 (4D PE) Pooled Leaves Rep3 RNA-seq","Zea mays subsp. mays","Illumina HiSeq 2000","MSU-BUELL","SRP014652","Zea mays Transcriptome or Gene expression","SRS352417","","528.86","1","7834489","783448900","","RNA-Seq","TRANSCRIPTOMIC","cDNA"
"SRX172754","Zea Mays, B73 V18 Meiotic tassel Rep1 RNA-seq","Zea mays subsp. mays","Illumina HiSeq 2000","MSU-BUELL","SRP014652","Zea mays Transcriptome or Gene expression","SRS352448","","4417.71","2","63834235","6447257735","","RNA-Seq","TRANSCRIPTOMIC","cDNA"
"SRX172753","Zea Mays, B73 V13 Immature tassel Rep3 RNA-seq","Zea mays subsp. mays","Illumina HiSeq 2000","MSU-BUELL","SRP014652","Zea mays Transcriptome or Gene expression","SRS352447","","1567.47","1","21830822","2204913022","","RNA-Seq","TRANSCRIPTOMIC","cDNA"
"SRX172752","Zea Mays, B73 V13 Immature tassel Rep2 RNA-seq","Zea mays subsp. mays","Illumina HiSeq 2000","MSU-BUELL","SRP014652","Zea mays Transcriptome or Gene expression","SRS352446","","1472","1","20321822","2052504022","","RNA-Seq","TRANSCRIPTOMIC","cDNA"
"SRX172751","Zea Mays, B73 V13 Immature tassel Rep1 RNA-seq","Zea mays subsp. mays","Illumina HiSeq 2000","MSU-BUELL","SRP014652","Zea mays Transcriptome or Gene expression","SRS352445","","2100.2","1","29059107","2934969807","","RNA-Seq","TRANSCRIPTOMIC","cDNA"
"SRX172750","Zea Mays, B73 V9 Fourth elongated internode Rep3 RNA-seq","Zea mays subsp. mays","Illumina HiSeq 2000","MSU-BUELL","SRP014652","Zea mays Transcriptome or Gene expression","SRS352444","","1158.29","1","15997388","1615736188","","RNA-Seq","TRANSCRIPTOMIC","cDNA"
"SRX172749","Zea Mays, B73 V9 Fourth elongated internode Rep2 RNA-seq","Zea mays subsp. mays","Illumina HiSeq 2000","MSU-BUELL","SRP014652","Zea mays Transcriptome or Gene expression","SRS352443","","1318.26","1","18175375","1835712875","","RNA-Seq","TRANSCRIPTOMIC","cDNA"
"SRX172748","Zea Mays, B73 V9 Fourth elongated internode Rep1 RNA-seq","Zea mays subsp. mays","Illumina HiSeq 2000","MSU-BUELL","SRP014652","Zea mays Transcriptome or Gene expression","SRS352442","","1316.53","1","18165394","1834704794","","RNA-Seq","TRANSCRIPTOMIC","cDNA"
"SRX172747","Zea Mays, B73 V7 Bottom of transition leaf Rep3 RNA-seq","Zea mays subsp. mays","Illumina HiSeq 2000","MSU-BUELL","SRP014652","Zea mays Transcriptome or Gene expression","SRS352441","","1029.62","1","14226731","1436899831","","RNA-Seq","TRANSCRIPTOMIC","cDNA"
"SRX172746","Zea Mays, B73 V7 Bottom of transition leaf Rep2 RNA-seq","Zea mays subsp. mays","Illumina HiSeq 2000","MSU-BUELL","SRP014652","Zea mays Transcriptome or Gene expression","SRS352440","","1510.77","1","20869984","2107868384","","RNA-Seq","TRANSCRIPTOMIC","cDNA"
"SRX172745","Zea Mays, B73 V7 Bottom of transition leaf Rep1 RNA-seq","Zea mays subsp. mays","Illumina HiSeq 2000","MSU-BUELL","SRP014652","Zea mays Transcriptome or Gene expression","SRS352439","","1545.12","1","21541460","2175687460","","RNA-Seq","TRANSCRIPTOMIC","cDNA"
"SRX172744","Zea Mays, B73 V7 Tip of transition leaf Rep3 RNA-seq","Zea mays subsp. mays","Illumina HiSeq 2000","MSU-BUELL","SRP014652","Zea mays Transcriptome or Gene expression","SRS352438","","1864.53","1","25891754","2615067154","","RNA-Seq","TRANSCRIPTOMIC","cDNA"
"SRX172743","Zea Mays, B73 V7 Tip of transition leaf Rep2 RNA-seq","Zea mays subsp. mays","Illumina HiSeq 2000","MSU-BUELL","SRP014652","Zea mays Transcriptome or Gene expression","SRS352437","","1804.23","1","25271955","2552467455","","RNA-Seq","TRANSCRIPTOMIC","cDNA"
"SRX172742","Zea Mays, B73 V7 Tip of transition leaf Rep1 RNA-seq","Zea mays subsp. mays","Illumina HiSeq 2000","MSU-BUELL","SRP014652","Zea mays Transcriptome or Gene expression","SRS352436","","2724.55","1","38153537","3853507237","","RNA-Seq","TRANSCRIPTOMIC","cDNA"
"SRX172741","Zea Mays, B73 V5 Bottom of transition leaf Rep3 RNA-seq","Zea mays subsp. mays","Illumina HiSeq 2000","MSU-BUELL","SRP014652","Zea mays Transcriptome or Gene expression","SRS352435","","1756.85","1","24421039","2466524939","","RNA-Seq","TRANSCRIPTOMIC","cDNA"
"SRX172740","Zea Mays, B73 V5 Bottom of transition leaf Rep2 RNA-seq","Zea mays subsp. mays","Illumina HiSeq 2000","MSU-BUELL","SRP014652","Zea mays Transcriptome or Gene expression","SRS352434","","863.25","1","11998817","1211880517","","RNA-Seq","TRANSCRIPTOMIC","cDNA"
"SRX172739","Zea Mays, B73 V5 Bottom of transition leaf Rep1 RNA-seq","Zea mays subsp. mays","Illumina HiSeq 2000","MSU-BUELL","SRP014652","Zea mays Transcriptome or Gene expression","SRS352433","","2095.93","1","29212820","2950494820","","RNA-Seq","TRANSCRIPTOMIC","cDNA"
"SRX172738","Zea Mays, B73 V5 First elonagetd internode Rep3 RNA-seq","Zea mays subsp. mays","Illumina HiSeq 2000","MSU-BUELL","SRP014652","Zea mays Transcriptome or Gene expression","SRS352432","","1456.23","1","19963915","2016355415","","RNA-Seq","TRANSCRIPTOMIC","cDNA"
"SRX172737","Zea Mays, B73 V5 First elonagetd internode Rep2 RNA-seq","Zea mays subsp. mays","Illumina HiSeq 2000","MSU-BUELL","SRP014652","Zea mays Transcriptome or Gene expression","SRS352431","","1322.57","1","18090539","1827144439","","RNA-Seq","TRANSCRIPTOMIC","cDNA"
"SRX172736","Zea Mays, B73 V5 First elonagetd internode Rep1 RNA-seq","Zea mays subsp. mays","Illumina HiSeq 2000","MSU-BUELL","SRP014652","Zea mays Transcriptome or Gene expression","SRS352430","","1127.7","1","15475550","1563030550","","RNA-Seq","TRANSCRIPTOMIC","cDNA"
"SRX172735","Zea Mays, B73 V5 Shoot tip Rep3 RNA-seq","Zea mays subsp. mays","Illumina HiSeq 2000","MSU-BUELL","SRP014652","Zea mays Transcriptome or Gene expression","SRS352429","","762.38","1","10467670","1057234670","","RNA-Seq","TRANSCRIPTOMIC","cDNA"
"SRX172734","Zea Mays, B73 V5 Shoot tip Rep2 RNA-seq","Zea mays subsp. mays","Illumina HiSeq 2000","MSU-BUELL","SRP014652","Zea mays Transcriptome or Gene expression","SRS352428","","763.29","1","10414411","1051855511","","RNA-Seq","TRANSCRIPTOMIC","cDNA"
"SRX172733","Zea Mays, B73 V5 Shoot tip Rep1 RNA-seq","Zea mays subsp. mays","Illumina HiSeq 2000","MSU-BUELL","SRP014652","Zea mays Transcriptome or Gene expression","SRS352427","","1408.88","1","19294090","1948703090","","RNA-Seq","TRANSCRIPTOMIC","cDNA"
"SRX172731","Zea Mays, B73 V3 Topmost leaf Rep2 RNA-seq","Zea mays subsp. mays","Illumina HiSeq 2000","MSU-BUELL","SRP014652","Zea mays Transcriptome or Gene expression","SRS352425","","1804.23","1","24899410","2514840410","","RNA-Seq","TRANSCRIPTOMIC","cDNA"
"SRX172730","Zea Mays, B73 V3 Topmost leaf Rep1 RNA-seq","Zea mays subsp. mays","Illumina HiSeq 2000","MSU-BUELL","SRP014652","Zea mays Transcriptome or Gene expression","SRS352424","","1473.7","1","20294092","2049703292","","RNA-Seq","TRANSCRIPTOMIC","cDNA"
"SRX172729","Zea Mays, B73 V1 (4D PE) Primary root Rep3 RNA-seq","Zea mays subsp. mays","Illumina HiSeq 2000","MSU-BUELL","SRP014652","Zea mays Transcriptome or Gene expression","SRS352423","","815.61","1","11281284","1139409684","","RNA-Seq","TRANSCRIPTOMIC","cDNA"
"SRX172728","Zea Mays, B73 V1 (4D PE) Primary root Rep2 RNA-seq","Zea mays subsp. mays","Illumina HiSeq 2000","MSU-BUELL","SRP014652","Zea mays Transcriptome or Gene expression","SRS352422","","799.85","1","11034025","1114436525","","RNA-Seq","TRANSCRIPTOMIC","cDNA"
"SRX172727","Zea Mays, B73 V1 (4D PE) Primary root Rep1 RNA-seq","Zea mays subsp. mays","Illumina HiSeq 2000","MSU-BUELL","SRP014652","Zea mays Transcriptome or Gene expression","SRS352421","","1013.51","1","13974543","1411428843","","RNA-Seq","TRANSCRIPTOMIC","cDNA"
"SRX172725","Zea Mays, B73 V1 (4D PE) Stem   SAM Rep2 RNA-seq","Zea mays subsp. mays","Illumina HiSeq 2000","MSU-BUELL","SRP014652","Zea mays Transcriptome or Gene expression","SRS352419","","1769.37","1","24442245","2468666745","","RNA-Seq","TRANSCRIPTOMIC","cDNA"
"SRX172721","Zea Mays, B73 V1 (4D PE) Pooled Leaves Rep3 RNA-seq","Zea mays subsp. mays","Illumina HiSeq 2000","MSU-BUELL","SRP014652","Zea mays Transcriptome or Gene expression","SRS352417","","1393.37","2","19109395","1930048895","","RNA-Seq","TRANSCRIPTOMIC","cDNA"
"SRX172720","Zea Mays, B73 V1 (4D PE) Pooled Leaves Rep2 RNA-seq","Zea mays subsp. mays","Illumina HiSeq 2000","MSU-BUELL","SRP014652","Zea mays Transcriptome or Gene expression","SRS352416","","818.2","1","12176653","1217665300","","RNA-Seq","TRANSCRIPTOMIC","cDNA"
"SRX172719","Zea Mays, B73 V1 (4D PE) Pooled Leaves Rep2 RNA-seq","Zea mays subsp. mays","Illumina HiSeq 2000","MSU-BUELL","SRP014652","Zea mays Transcriptome or Gene expression","SRS352416","","78.29","1","1048414","105889814","","RNA-Seq","TRANSCRIPTOMIC","cDNA"
"SRX172718","Zea Mays, B73 V1 (4D PE) Pooled Leaves Rep1 RNA-seq","Zea mays subsp. mays","Illumina HiSeq 2000","MSU-BUELL","SRP014652","Zea mays Transcriptome or Gene expression","SRS352415","","1106.98","1","16485683","1648568300","","RNA-Seq","TRANSCRIPTOMIC","cDNA"
"SRX172717","Zea Mays, B73 V1 (4D PE) Pooled Leaves Rep1 RNA-seq","Zea mays subsp. mays","Illumina HiSeq 2000","MSU-BUELL","SRP014652","Zea mays Transcriptome or Gene expression","SRS352415","","103.41","1","1386828","140069628","","RNA-Seq","TRANSCRIPTOMIC","cDNA"
"SRX172716","Zea Mays, B73 6 DAS (GH) Coleoptile Rep3 RNA-seq","Zea mays subsp. mays","Illumina HiSeq 2000","MSU-BUELL","SRP014652","Zea mays Transcriptome or Gene expression","SRS352414","","3634.22","1","54094364","5409436400","","RNA-Seq","TRANSCRIPTOMIC","cDNA"
"SRX172715","Zea Mays, B73 6 DAS (GH) Coleoptile Rep3 RNA-seq","Zea mays subsp. mays","Illumina HiSeq 2000","MSU-BUELL","SRP014652","Zea mays Transcriptome or Gene expression","SRS352414","","270.28","1","3617077","365324777","","RNA-Seq","TRANSCRIPTOMIC","cDNA"
"SRX172714","Zea Mays, B73 6 DAS (GH) Coleoptile Rep2 RNA-seq","Zea mays subsp. mays","Illumina HiSeq 2000","MSU-BUELL","SRP014652","Zea mays Transcriptome or Gene expression","SRS352413","","3171.92","1","47430414","4743041400","","RNA-Seq","TRANSCRIPTOMIC","cDNA"
"SRX172713","Zea Mays, B73 6 DAS (GH) Coleoptile Rep2 RNA-seq","Zea mays subsp. mays","Illumina HiSeq 2000","MSU-BUELL","SRP014652","Zea mays Transcriptome or Gene expression","SRS352413","","301.83","1","4048364","408884764","","RNA-Seq","TRANSCRIPTOMIC","cDNA"
"SRX172712","Zea Mays, B73 6 DAS (GH) Coleoptile Rep1 RNA-seq","Zea mays subsp. mays","Illumina HiSeq 2000","MSU-BUELL","SRP014652","Zea mays Transcriptome or Gene expression","SRS352412","","1249.09","1","18637142","1863714200","","RNA-Seq","TRANSCRIPTOMIC","cDNA"
