SampleID	Tissue	Genotype	Treatment	Replicate	paired	inbred	pa1	pa2	r0	spots	avgLength
bm001	Endosperm	B73		1	TRUE	TRUE	B73		/home/hirschc1/shared/Archive/reads/biomap/RNAseq/JGI.170615.ZeamayEProfiling_3/9047.1.119156.CGATGT.fastq.gz	59593756	300
bm002	Endosperm	B84		1	TRUE	TRUE	B84		/home/hirschc1/shared/Archive/reads/biomap/RNAseq/JGI.170615.ZeamayEProfiling_3/9047.1.119156.TTAGGC.fastq.gz	53858598	300
bm003	Endosperm	CR1HT		1	TRUE	TRUE	CR1HT		/home/hirschc1/shared/Archive/reads/biomap/RNAseq/JGI.170615.ZeamayEProfiling_3/9047.1.119156.TGACCA.fastq.gz	64735298	300
bm004	Endosperm	DKFAPW		1	TRUE	TRUE	DKFAPW		/home/hirschc1/shared/Archive/reads/biomap/RNAseq/JGI.170615.ZeamayEProfiling_3/9047.1.119156.ACAGTG.fastq.gz	53549442	300
bm005	Endosperm	H99		1	TRUE	TRUE	H99		/home/hirschc1/shared/Archive/reads/biomap/RNAseq/JGI.170615.ZeamayEProfiling_3/9047.1.119156.GCCAAT.fastq.gz	54272134	300
bm006	Endosperm	LH123HT		1	TRUE	TRUE	LH123HT		/home/hirschc1/shared/Archive/reads/biomap/RNAseq/JGI.170615.ZeamayEProfiling_3/9047.1.119156.CAGATC.fastq.gz	55485622	300
bm007	Endosperm	LH145		1	TRUE	TRUE	LH145		/home/hirschc1/shared/Archive/reads/biomap/RNAseq/JGI.170615.ZeamayEProfiling_3/9047.2.119163.GATCAG.fastq.gz	62947378	300
bm008	Endosperm	LH156		1	TRUE	TRUE	LH156		/home/hirschc1/shared/Archive/reads/biomap/RNAseq/JGI.170615.ZeamayEProfiling_3/9047.2.119163.TAGCTT.fastq.gz	67066020	300
bm009	Endosperm	LH85		1	TRUE	TRUE	LH85		/home/hirschc1/shared/Archive/reads/biomap/RNAseq/JGI.170615.ZeamayEProfiling_3/9047.2.119163.GGCTAC.fastq.gz	51463434	300
bm010	Endosperm	LH93		1	TRUE	TRUE	LH93		/home/hirschc1/shared/Archive/reads/biomap/RNAseq/JGI.170615.ZeamayEProfiling_3/9047.2.119163.CTTGTA.fastq.gz	59053216	300
bm011	Endosperm	Mo17		1	TRUE	TRUE	Mo17		/home/hirschc1/shared/Archive/reads/biomap/RNAseq/JGI.170615.ZeamayEProfiling_3/9047.2.119163.AGTCAA.fastq.gz	71773940	300
bm012	Endosperm	Mo45		1	TRUE	TRUE	Mo45		/home/hirschc1/shared/Archive/reads/biomap/RNAseq/JGI.170615.ZeamayEProfiling_3/9047.2.119163.AGTTCC.fastq.gz	63304504	300
bm013	Endosperm	MoG		1	TRUE	TRUE	MoG		/home/hirschc1/shared/Archive/reads/biomap/RNAseq/JGI.170615.ZeamayEProfiling_3/9047.3.119170.ATGTCA.fastq.gz	60982518	300
bm014	Endosperm	NC230		1	TRUE	TRUE	NC230		/home/hirschc1/shared/Archive/reads/biomap/RNAseq/JGI.170615.ZeamayEProfiling_3/9047.3.119170.CCGTCC.fastq.gz	60622782	300
bm015	Endosperm	NKH8431		1	TRUE	TRUE	NKH8431		/home/hirschc1/shared/Archive/reads/biomap/RNAseq/JGI.170615.ZeamayEProfiling_3/9047.3.119170.GTAGAG.fastq.gz	68434514	300
bm016	Endosperm	NKS8326		1	TRUE	TRUE	NKS8326		/home/hirschc1/shared/Archive/reads/biomap/RNAseq/JGI.170615.ZeamayEProfiling_3/9047.3.119170.GTCCGC.fastq.gz	60742186	300
bm017	Endosperm	Ny821		1	TRUE	TRUE	Ny821		/home/hirschc1/shared/Archive/reads/biomap/RNAseq/JGI.170615.ZeamayEProfiling_3/9047.3.119170.GTGAAA.fastq.gz	65676866	300
bm018	Endosperm	Oh43		1	TRUE	TRUE	Oh43		/home/hirschc1/shared/Archive/reads/biomap/RNAseq/JGI.170615.ZeamayEProfiling_3/9047.3.119170.GTGGCC.fastq.gz	54454894	300
bm019	Endosperm	PH207		1	TRUE	TRUE	PH207		/home/hirschc1/shared/Archive/reads/biomap/RNAseq/JGI.170615.ZeamayEProfiling_3/9047.4.119177.GTTTCG.fastq.gz	84713548	300
bm020	Endosperm	PHB47		1	TRUE	TRUE	PHB47		/home/hirschc1/shared/Archive/reads/biomap/RNAseq/JGI.170615.ZeamayEProfiling_3/9047.4.119177.CGTACG.fastq.gz	69023324	300
bm021	Endosperm	PHG29		1	TRUE	TRUE	PHG29		/home/hirschc1/shared/Archive/reads/biomap/RNAseq/JGI.170615.ZeamayEProfiling_3/9047.4.119177.GAGTGG.fastq.gz	70667836	300
bm022	Endosperm	PHG39		1	TRUE	TRUE	PHG39		/home/hirschc1/shared/Archive/reads/biomap/RNAseq/JGI.170615.ZeamayEProfiling_3/9047.4.119177.ACTGAT.fastq.gz	81971074	300
bm023	Endosperm	PHG47		1	TRUE	TRUE	PHG47		/home/hirschc1/shared/Archive/reads/biomap/RNAseq/JGI.170615.ZeamayEProfiling_3/9047.4.119177.ATGAGC.fastq.gz	66425704	300
bm024	Endosperm	PHG50		1	TRUE	TRUE	PHG50		/home/hirschc1/shared/Archive/reads/biomap/RNAseq/JGI.170615.ZeamayEProfiling_3/9052.1.119395.ATTCCT.fastq.gz	64609790	300
bm025	Endosperm	PHG72		1	TRUE	TRUE	PHG72		/home/hirschc1/shared/Archive/reads/biomap/RNAseq/JGI.170615.ZeamayEProfiling_3/9052.1.119395.CAAAAG.fastq.gz	63319474	300
bm026	Endosperm	PHG83		1	TRUE	TRUE	PHG83		/home/hirschc1/shared/Archive/reads/biomap/RNAseq/JGI.170615.ZeamayEProfiling_3/9052.1.119395.CAACTA.fastq.gz	71155276	300
bm027	Endosperm	PHJ40		1	TRUE	TRUE	PHJ40		/home/hirschc1/shared/Archive/reads/biomap/RNAseq/JGI.170615.ZeamayEProfiling_3/9052.1.119395.CACCGG.fastq.gz	50274058	300
bm028	Endosperm	PHN11		1	TRUE	TRUE	PHN11		/home/hirschc1/shared/Archive/reads/biomap/RNAseq/JGI.170615.ZeamayEProfiling_3/9052.1.119395.CACGAT.fastq.gz	59275180	300
bm029	Endosperm	PHW65		1	TRUE	TRUE	PHW65		/home/hirschc1/shared/Archive/reads/biomap/RNAseq/JGI.170615.ZeamayEProfiling_3/9052.1.119395.CACTCA.fastq.gz	56344292	300
bm030	Endosperm	Q381		1	TRUE	TRUE	Q381		/home/hirschc1/shared/Archive/reads/biomap/RNAseq/JGI.170615.ZeamayEProfiling_3/9052.2.119402.CAGGCG.fastq.gz	62295430	300
bm031	Endosperm	W64A		1	TRUE	TRUE	W64A		/home/hirschc1/shared/Archive/reads/biomap/RNAseq/JGI.170615.ZeamayEProfiling_3/9052.2.119402.CATGGC.fastq.gz	57066394	300
bm032	Internode	AS5707		1	TRUE	TRUE	AS5707		/home/hirschc1/shared/Archive/reads/biomap/RNAseq/JGI.170615.ZeamayEProfiling_3/9052.2.119402.CATTTT.fastq.gz	64175910	300
bm033	Internode	B73		1	TRUE	TRUE	B73		/home/hirschc1/shared/Archive/reads/biomap/RNAseq/JGI.170615.ZeamayEProfiling_3/9052.2.119402.CCAACA.fastq.gz	64080588	300
bm034	Internode	B84		1	TRUE	TRUE	B84		/home/hirschc1/shared/Archive/reads/biomap/RNAseq/JGI.170615.ZeamayEProfiling_3/9052.2.119402.CGGAAT.fastq.gz	59860692	300
bm035	Internode	CR1HT		1	TRUE	TRUE	CR1HT		/home/hirschc1/shared/Archive/reads/biomap/RNAseq/JGI.170615.ZeamayEProfiling_3/9052.2.119402.CTAGCT.fastq.gz	53207070	300
bm036	Internode	DKFAPW		1	TRUE	TRUE	DKFAPW		/home/hirschc1/shared/Archive/reads/biomap/RNAseq/JGI.170615.ZeamayEProfiling_3/9052.3.119409.CTATAC.fastq.gz	63160290	300
bm037	Internode	DKHBA1		1	TRUE	TRUE	DKHBA1		/home/hirschc1/shared/Archive/reads/biomap/RNAseq/JGI.170615.ZeamayEProfiling_3/9052.3.119409.CTCAGA.fastq.gz	67595072	300
bm038	Internode	H99		1	TRUE	TRUE	H99		/home/hirschc1/shared/Archive/reads/biomap/RNAseq/JGI.170615.ZeamayEProfiling_3/9052.3.119409.GACGAC.fastq.gz	70696030	300
bm039	Internode	LH123HT		1	TRUE	TRUE	LH123HT		/home/hirschc1/shared/Archive/reads/biomap/RNAseq/JGI.170615.ZeamayEProfiling_3/9052.3.119409.TAATCG.fastq.gz	52018438	300
bm040	Internode	LH145		1	TRUE	TRUE	LH145		/home/hirschc1/shared/Archive/reads/biomap/RNAseq/JGI.170615.ZeamayEProfiling_3/9052.3.119409.TACAGC.fastq.gz	71825916	300
bm041	Internode	LH156		1	TRUE	TRUE	LH156		/home/hirschc1/shared/Archive/reads/biomap/RNAseq/JGI.170615.ZeamayEProfiling_3/9052.3.119409.TATAAT.fastq.gz	63196404	300
bm042	Internode	LH85		1	TRUE	TRUE	LH85		/home/hirschc1/shared/Archive/reads/biomap/RNAseq/JGI.170615.ZeamayEProfiling_3/9052.4.119416.TCATTC.fastq.gz	64584574	300
bm043	Internode	LH93		1	TRUE	TRUE	LH93		/home/hirschc1/shared/Archive/reads/biomap/RNAseq/JGI.170615.ZeamayEProfiling_3/9052.4.119416.TCCCGA.fastq.gz	60374598	300
bm044	Internode	Mo17		1	TRUE	TRUE	Mo17		/home/hirschc1/shared/Archive/reads/biomap/RNAseq/JGI.170615.ZeamayEProfiling_3/9052.4.119416.TCGAAG.fastq.gz	66455348	300
bm045	Internode	Mo45		1	TRUE	TRUE	Mo45		/home/hirschc1/shared/Archive/reads/biomap/RNAseq/JGI.170615.ZeamayEProfiling_3/9052.4.119416.TCGGCA.fastq.gz	62249792	300
bm046	Internode	MoG		1	TRUE	TRUE	MoG		/home/hirschc1/shared/Archive/reads/biomap/RNAseq/JGI.170615.ZeamayEProfiling_3/9052.4.119416.AAACAT.fastq.gz	64724002	300
bm047	Internode	NC230		1	TRUE	TRUE	NC230		/home/hirschc1/shared/Archive/reads/biomap/RNAseq/JGI.170615.ZeamayEProfiling_3/9052.4.119416.AAAGCA.fastq.gz	73733546	300
bm048	Internode	NKH8431		1	TRUE	TRUE	NKH8431		/home/hirschc1/shared/Archive/reads/biomap/RNAseq/JGI.170615.ZeamayEProfiling_3/9052.5.119423.AAATGC.fastq.gz	58321302	300
bm049	Internode	NKS8326		1	TRUE	TRUE	NKS8326		/home/hirschc1/shared/Archive/reads/biomap/RNAseq/JGI.170615.ZeamayEProfiling_3/9052.5.119423.AACAAA.fastq.gz	60926660	300
bm050	Internode	Ny821		1	TRUE	TRUE	Ny821		/home/hirschc1/shared/Archive/reads/biomap/RNAseq/JGI.170615.ZeamayEProfiling_3/9052.5.119423.AACTTG.fastq.gz	50546210	300
bm051	Internode	Oh43		1	TRUE	TRUE	Oh43		/home/hirschc1/shared/Archive/reads/biomap/RNAseq/JGI.170615.ZeamayEProfiling_3/9052.5.119423.AAGACT.fastq.gz	52062606	300
bm052	Internode	PH207		1	TRUE	TRUE	PH207		/home/hirschc1/shared/Archive/reads/biomap/RNAseq/JGI.170615.ZeamayEProfiling_3/9052.5.119423.AAGCGA.fastq.gz	60203752	300
bm053	Internode	PHB47		1	TRUE	TRUE	PHB47		/home/hirschc1/shared/Archive/reads/biomap/RNAseq/JGI.170615.ZeamayEProfiling_3/9052.5.119423.AAGGAC.fastq.gz	61106590	300
bm054	Internode	PHG29		1	TRUE	TRUE	PHG29		/home/hirschc1/shared/Archive/reads/biomap/RNAseq/JGI.170615.ZeamayEProfiling_3/9052.6.119430.AATAGG.fastq.gz	65048014	300
bm055	Internode	PHG35		1	TRUE	TRUE	PHG35		/home/hirschc1/shared/Archive/reads/biomap/RNAseq/JGI.170615.ZeamayEProfiling_3/9052.6.119430.ACAAAC.fastq.gz	70017072	300
bm056	Internode	PHG39		1	TRUE	TRUE	PHG39		/home/hirschc1/shared/Archive/reads/biomap/RNAseq/JGI.170615.ZeamayEProfiling_3/9052.6.119430.ACATCT.fastq.gz	68688222	300
bm057	Internode	PHG47		1	TRUE	TRUE	PHG47		/home/hirschc1/shared/Archive/reads/biomap/RNAseq/JGI.170615.ZeamayEProfiling_3/9052.6.119430.ACCCAG.fastq.gz	67705190	300
bm058	Internode	PHG50		1	TRUE	TRUE	PHG50		/home/hirschc1/shared/Archive/reads/biomap/RNAseq/JGI.170615.ZeamayEProfiling_3/9052.6.119430.ACCGGC.fastq.gz	69406446	300
bm059	Internode	PHG72		1	TRUE	TRUE	PHG72		/home/hirschc1/shared/Archive/reads/biomap/RNAseq/JGI.170615.ZeamayEProfiling_3/9052.6.119430.ACGATA.fastq.gz	62493922	300
bm060	Internode	PHG83		1	TRUE	TRUE	PHG83		/home/hirschc1/shared/Archive/reads/biomap/RNAseq/JGI.170615.ZeamayEProfiling_3/9052.7.119437.ACTCTC.fastq.gz	61866510	300
bm061	Internode	PHJ40		1	TRUE	TRUE	PHJ40		/home/hirschc1/shared/Archive/reads/biomap/RNAseq/JGI.170615.ZeamayEProfiling_3/9052.7.119437.AGAAGA.fastq.gz	68925888	300
bm062	Internode	PHN11		1	TRUE	TRUE	PHN11		/home/hirschc1/shared/Archive/reads/biomap/RNAseq/JGI.170615.ZeamayEProfiling_3/9052.7.119437.AGATAG.fastq.gz	74167896	300
bm063	Internode	PHW65		1	TRUE	TRUE	PHW65		/home/hirschc1/shared/Archive/reads/biomap/RNAseq/JGI.170615.ZeamayEProfiling_3/9052.7.119437.AGCATC.fastq.gz	74725714	300
bm064	Internode	Q381		1	TRUE	TRUE	Q381		/home/hirschc1/shared/Archive/reads/biomap/RNAseq/JGI.170615.ZeamayEProfiling_3/9052.7.119437.AGCGCT.fastq.gz	66457916	300
bm065	Internode	W64A		1	TRUE	TRUE	W64A		/home/hirschc1/shared/Archive/reads/biomap/RNAseq/JGI.170615.ZeamayEProfiling_3/9052.7.119437.AGGCCG.fastq.gz	59060558	300
bm066	Leaf	AS5707		1	TRUE	TRUE	AS5707		/home/hirschc1/shared/Archive/reads/biomap/RNAseq/JGI.170615.ZeamayEProfiling_3/9052.8.119444.ATACGG.fastq.gz	64484272	300
bm067	Leaf	B73		1	TRUE	TRUE	B73		/home/hirschc1/shared/Archive/reads/biomap/RNAseq/JGI.170615.ZeamayEProfiling_3/9052.8.119444.ATCCTA.fastq.gz	60869732	300
bm068	Leaf	B84		1	TRUE	TRUE	B84		/home/hirschc1/shared/Archive/reads/biomap/RNAseq/JGI.170615.ZeamayEProfiling_3/9052.8.119444.ATCTAT.fastq.gz	58738898	300
bm069	Leaf	CR1HT		1	TRUE	TRUE	CR1HT		/home/hirschc1/shared/Archive/reads/biomap/RNAseq/JGI.170615.ZeamayEProfiling_3/9052.8.119444.CCACGC.fastq.gz	64863124	300
bm070	Leaf	DKFAPW		1	TRUE	TRUE	DKFAPW		/home/hirschc1/shared/Archive/reads/biomap/RNAseq/JGI.170615.ZeamayEProfiling_3/9052.8.119444.CCCATG.fastq.gz	62086216	300
bm071	Leaf	DKHBA1		1	TRUE	TRUE	DKHBA1		/home/hirschc1/shared/Archive/reads/biomap/RNAseq/JGI.170615.ZeamayEProfiling_3/9052.8.119444.CCGCAA.fastq.gz	53837628	300
bm072	Leaf	H99		1	TRUE	TRUE	H99		/home/hirschc1/shared/Archive/reads/biomap/RNAseq/JGI.170615.ZeamayEProfiling_3/9053.1.119374.CCTTAG.fastq.gz	55139370	300
bm073	Leaf	LH123HT		1	TRUE	TRUE	LH123HT		/home/hirschc1/shared/Archive/reads/biomap/RNAseq/JGI.170615.ZeamayEProfiling_3/9053.1.119374.CGAGAA.fastq.gz	50357834	300
bm074	Leaf	LH145		1	TRUE	TRUE	LH145		/home/hirschc1/shared/Archive/reads/biomap/RNAseq/JGI.170615.ZeamayEProfiling_3/9053.1.119374.CTGCTG.fastq.gz	59551558	300
bm075	Leaf	LH156		1	TRUE	TRUE	LH156		/home/hirschc1/shared/Archive/reads/biomap/RNAseq/JGI.170615.ZeamayEProfiling_3/9053.1.119374.GAAACC.fastq.gz	48015574	300
bm076	Leaf	LH85		1	TRUE	TRUE	LH85		/home/hirschc1/shared/Archive/reads/biomap/RNAseq/JGI.170615.ZeamayEProfiling_3/9053.1.119374.GAATAA.fastq.gz	54131208	300
bm077	Leaf	LH93		1	TRUE	TRUE	LH93		/home/hirschc1/shared/Archive/reads/biomap/RNAseq/JGI.170615.ZeamayEProfiling_3/9053.1.119374.GACGGA.fastq.gz	56798096	300
bm078	Leaf	Mo17		1	TRUE	TRUE	Mo17		/home/hirschc1/shared/Archive/reads/biomap/RNAseq/JGI.170615.ZeamayEProfiling_3/9078.1.121341.GATATA.fastq.gz	68322054	300
bm079	Leaf	Mo45		1	TRUE	TRUE	Mo45		/home/hirschc1/shared/Archive/reads/biomap/RNAseq/JGI.170615.ZeamayEProfiling_3/9078.1.121341.GATGCT.fastq.gz	64134590	300
bm080	Leaf	MoG		1	TRUE	TRUE	MoG		/home/hirschc1/shared/Archive/reads/biomap/RNAseq/JGI.170615.ZeamayEProfiling_3/9078.1.121341.GCAAGG.fastq.gz	62274246	300
bm081	Leaf	NC230		1	TRUE	TRUE	NC230		/home/hirschc1/shared/Archive/reads/biomap/RNAseq/JGI.170615.ZeamayEProfiling_3/9078.1.121341.GCACTT.fastq.gz	59302202	300
bm082	Leaf	NKH8431		1	TRUE	TRUE	NKH8431		/home/hirschc1/shared/Archive/reads/biomap/RNAseq/JGI.170615.ZeamayEProfiling_3/9078.1.121341.GCCTTA.fastq.gz	68208358	300
bm083	Leaf	NKS8326		1	TRUE	TRUE	NKS8326		/home/hirschc1/shared/Archive/reads/biomap/RNAseq/JGI.170615.ZeamayEProfiling_3/9078.2.121347.GCTCCA.fastq.gz	67425872	300
bm084	Leaf	Ny821		1	TRUE	TRUE	Ny821		/home/hirschc1/shared/Archive/reads/biomap/RNAseq/JGI.170615.ZeamayEProfiling_3/9078.2.121347.GGCACA.fastq.gz	55979050	300
bm085	Leaf	Oh43		1	TRUE	TRUE	Oh43		/home/hirschc1/shared/Archive/reads/biomap/RNAseq/JGI.170615.ZeamayEProfiling_3/9078.2.121347.GGCCTG.fastq.gz	64120920	300
bm086	Leaf	PH207		1	TRUE	TRUE	PH207		/home/hirschc1/shared/Archive/reads/biomap/RNAseq/JGI.170615.ZeamayEProfiling_3/9078.2.121347.TGAATG.fastq.gz	57666826	300
bm087	Leaf	PHB47		1	TRUE	TRUE	PHB47		/home/hirschc1/shared/Archive/reads/biomap/RNAseq/JGI.170615.ZeamayEProfiling_3/9078.2.121347.TGCCAT.fastq.gz	70442324	300
bm088	Leaf	PHG29		1	TRUE	TRUE	PHG29		/home/hirschc1/shared/Archive/reads/biomap/RNAseq/JGI.170615.ZeamayEProfiling_3/9078.3.121353.TGCTGG.fastq.gz	81193246	300
bm089	Leaf	PHG35		1	TRUE	TRUE	PHG35		/home/hirschc1/shared/Archive/reads/biomap/RNAseq/JGI.170615.ZeamayEProfiling_3/9078.3.121353.TGGCGC.fastq.gz	83369322	300
bm090	Leaf	PHG39		1	TRUE	TRUE	PHG39		/home/hirschc1/shared/Archive/reads/biomap/RNAseq/JGI.170615.ZeamayEProfiling_3/9078.3.121353.TTCGAA.fastq.gz	68354588	300
bm091	Leaf	PHG47		1	TRUE	TRUE	PHG47		/home/hirschc1/shared/Archive/reads/biomap/RNAseq/JGI.170615.ZeamayEProfiling_3/9078.3.121353.TTCTCC.fastq.gz	73434490	300
bm092	Leaf	PHG50		1	TRUE	TRUE	PHG50		/home/hirschc1/shared/Archive/reads/biomap/RNAseq/JGI.170615.ZeamayEProfiling_3/8937.1.116499.CGATGT.fastq.gz	64568542	300
bm093	Leaf	PHG72		1	TRUE	TRUE	PHG72		/home/hirschc1/shared/Archive/reads/biomap/RNAseq/JGI.170615.ZeamayEProfiling_3/8937.1.116499.TTAGGC.fastq.gz	66610858	300
bm094	Leaf	PHG83		1	TRUE	TRUE	PHG83		/home/hirschc1/shared/Archive/reads/biomap/RNAseq/JGI.170615.ZeamayEProfiling_3/8937.1.116499.TGACCA.fastq.gz	64927064	300
bm095	Leaf	PHJ40		1	TRUE	TRUE	PHJ40		/home/hirschc1/shared/Archive/reads/biomap/RNAseq/JGI.170615.ZeamayEProfiling_3/8937.1.116499.ACAGTG.fastq.gz	65505410	300
bm096	Leaf	PHN11		1	TRUE	TRUE	PHN11		/home/hirschc1/shared/Archive/reads/biomap/RNAseq/JGI.170615.ZeamayEProfiling_3/8937.1.116499.GCCAAT.fastq.gz	60699486	300
bm097	Leaf	PHW65		1	TRUE	TRUE	PHW65		/home/hirschc1/shared/Archive/reads/biomap/RNAseq/JGI.170615.ZeamayEProfiling_3/8937.1.116499.CAGATC.fastq.gz	63011052	300
bm098	Leaf	Q381		1	TRUE	TRUE	Q381		/home/hirschc1/shared/Archive/reads/biomap/RNAseq/JGI.170615.ZeamayEProfiling_3/8937.2.116506.GATCAG.fastq.gz	79114320	300
bm099	Leaf	W64A		1	TRUE	TRUE	W64A		/home/hirschc1/shared/Archive/reads/biomap/RNAseq/JGI.170615.ZeamayEProfiling_3/8937.2.116506.TAGCTT.fastq.gz	63561732	300
bm100	Shoot	AS5707		1	TRUE	TRUE	AS5707		/home/hirschc1/shared/Archive/reads/biomap/RNAseq/JGI.170615.ZeamayEProfiling_3/8937.2.116506.GGCTAC.fastq.gz	57901110	300
bm101	Shoot	B73		1	TRUE	TRUE	B73		/home/hirschc1/shared/Archive/reads/biomap/RNAseq/JGI.170615.ZeamayEProfiling_3/8937.2.116506.CTTGTA.fastq.gz	50170270	300
bm102	Shoot	B84		1	TRUE	TRUE	B84		/home/hirschc1/shared/Archive/reads/biomap/RNAseq/JGI.170615.ZeamayEProfiling_3/8937.2.116506.AGTCAA.fastq.gz	61349248	300
bm103	Shoot	CR1HT		1	TRUE	TRUE	CR1HT		/home/hirschc1/shared/Archive/reads/biomap/RNAseq/JGI.170615.ZeamayEProfiling_3/8937.2.116506.AGTTCC.fastq.gz	62602462	300
bm104	Shoot	DKFAPW		1	TRUE	TRUE	DKFAPW		/home/hirschc1/shared/Archive/reads/biomap/RNAseq/JGI.170615.ZeamayEProfiling_3/8937.3.116513.ATGTCA.fastq.gz	61558316	300
bm105	Shoot	DKHBA1		1	TRUE	TRUE	DKHBA1		/home/hirschc1/shared/Archive/reads/biomap/RNAseq/JGI.170615.ZeamayEProfiling_3/8937.3.116513.CCGTCC.fastq.gz	65696420	300
bm106	Shoot	H99		1	TRUE	TRUE	H99		/home/hirschc1/shared/Archive/reads/biomap/RNAseq/JGI.170615.ZeamayEProfiling_3/8937.3.116513.GTAGAG.fastq.gz	71334802	300
bm107	Shoot	LH123HT		1	TRUE	TRUE	LH123HT		/home/hirschc1/shared/Archive/reads/biomap/RNAseq/JGI.170615.ZeamayEProfiling_3/8937.3.116513.GTCCGC.fastq.gz	58388808	300
bm108	Shoot	LH145		1	TRUE	TRUE	LH145		/home/hirschc1/shared/Archive/reads/biomap/RNAseq/JGI.170615.ZeamayEProfiling_3/8937.3.116513.GTGAAA.fastq.gz	59778172	300
bm109	Shoot	LH156		1	TRUE	TRUE	LH156		/home/hirschc1/shared/Archive/reads/biomap/RNAseq/JGI.170615.ZeamayEProfiling_3/8937.3.116513.GTGGCC.fastq.gz	58210414	300
bm110	Shoot	LH85		1	TRUE	TRUE	LH85		/home/hirschc1/shared/Archive/reads/biomap/RNAseq/JGI.170615.ZeamayEProfiling_3/8937.4.116520.GTTTCG.fastq.gz	77364276	300
bm111	Shoot	LH93		1	TRUE	TRUE	LH93		/home/hirschc1/shared/Archive/reads/biomap/RNAseq/JGI.170615.ZeamayEProfiling_3/8937.4.116520.CGTACG.fastq.gz	69100068	300
bm112	Shoot	Mo17		1	TRUE	TRUE	Mo17		/home/hirschc1/shared/Archive/reads/biomap/RNAseq/JGI.170615.ZeamayEProfiling_3/8937.4.116520.GAGTGG.fastq.gz	56413268	300
bm113	Shoot	Mo44		1	TRUE	TRUE	Mo44		/home/hirschc1/shared/Archive/reads/biomap/RNAseq/JGI.170615.ZeamayEProfiling_3/8937.4.116520.GGTAGC.fastq.gz	56900712	300
bm114	Shoot	Mo45		1	TRUE	TRUE	Mo45		/home/hirschc1/shared/Archive/reads/biomap/RNAseq/JGI.170615.ZeamayEProfiling_3/8937.4.116520.ACTGAT.fastq.gz	72818816	300
bm115	Shoot	MoG		1	TRUE	TRUE	MoG		/home/hirschc1/shared/Archive/reads/biomap/RNAseq/JGI.170615.ZeamayEProfiling_3/8937.4.116520.ATGAGC.fastq.gz	55528252	300
bm116	Shoot	NC230		1	TRUE	TRUE	NC230		/home/hirschc1/shared/Archive/reads/biomap/RNAseq/JGI.170615.ZeamayEProfiling_3/8937.5.116527.ATTCCT.fastq.gz	73532384	300
bm117	Shoot	NKH8431		1	TRUE	TRUE	NKH8431		/home/hirschc1/shared/Archive/reads/biomap/RNAseq/JGI.170615.ZeamayEProfiling_3/8937.5.116527.CAAAAG.fastq.gz	66768928	300
bm118	Shoot	NKS8326		1	TRUE	TRUE	NKS8326		/home/hirschc1/shared/Archive/reads/biomap/RNAseq/JGI.170615.ZeamayEProfiling_3/8937.5.116527.CAACTA.fastq.gz	77910400	300
bm119	Shoot	Ny821		1	TRUE	TRUE	Ny821		/home/hirschc1/shared/Archive/reads/biomap/RNAseq/JGI.170615.ZeamayEProfiling_3/8937.5.116527.CACCGG.fastq.gz	59416704	300
bm120	Shoot	Oh43		1	TRUE	TRUE	Oh43		/home/hirschc1/shared/Archive/reads/biomap/RNAseq/JGI.170615.ZeamayEProfiling_3/8937.5.116527.CACGAT.fastq.gz	60791630	300
bm121	Shoot	PH207		1	TRUE	TRUE	PH207		/home/hirschc1/shared/Archive/reads/biomap/RNAseq/JGI.170615.ZeamayEProfiling_3/8937.5.116527.CACTCA.fastq.gz	58932028	300
bm122	Shoot	PHB47		1	TRUE	TRUE	PHB47		/home/hirschc1/shared/Archive/reads/biomap/RNAseq/JGI.170615.ZeamayEProfiling_3/8937.6.116534.CAGGCG.fastq.gz	74230338	300
bm123	Shoot	PHG29		1	TRUE	TRUE	PHG29		/home/hirschc1/shared/Archive/reads/biomap/RNAseq/JGI.170615.ZeamayEProfiling_3/8937.6.116534.CATGGC.fastq.gz	62156332	300
bm124	Shoot	PHG35		1	TRUE	TRUE	PHG35		/home/hirschc1/shared/Archive/reads/biomap/RNAseq/JGI.170615.ZeamayEProfiling_3/8937.6.116534.CATTTT.fastq.gz	68622584	300
bm125	Shoot	PHG39		1	TRUE	TRUE	PHG39		/home/hirschc1/shared/Archive/reads/biomap/RNAseq/JGI.170615.ZeamayEProfiling_3/8937.6.116534.CCAACA.fastq.gz	62532716	300
bm126	Shoot	PHG47		1	TRUE	TRUE	PHG47		/home/hirschc1/shared/Archive/reads/biomap/RNAseq/JGI.170615.ZeamayEProfiling_3/8937.6.116534.CGGAAT.fastq.gz	71363066	300
bm127	Shoot	PHG50		1	TRUE	TRUE	PHG50		/home/hirschc1/shared/Archive/reads/biomap/RNAseq/JGI.170615.ZeamayEProfiling_3/8937.6.116534.CTAGCT.fastq.gz	62322534	300
bm128	Shoot	PHG72		1	TRUE	TRUE	PHG72		/home/hirschc1/shared/Archive/reads/biomap/RNAseq/JGI.170615.ZeamayEProfiling_3/8937.7.116541.CTATAC.fastq.gz	65945376	300
bm129	Shoot	PHG83		1	TRUE	TRUE	PHG83		/home/hirschc1/shared/Archive/reads/biomap/RNAseq/JGI.170615.ZeamayEProfiling_3/8937.7.116541.CTCAGA.fastq.gz	74363738	300
bm130	Shoot	PHJ40		1	TRUE	TRUE	PHJ40		/home/hirschc1/shared/Archive/reads/biomap/RNAseq/JGI.170615.ZeamayEProfiling_3/8937.7.116541.GACGAC.fastq.gz	72743326	300
bm131	Shoot	PHN11		1	TRUE	TRUE	PHN11		/home/hirschc1/shared/Archive/reads/biomap/RNAseq/JGI.170615.ZeamayEProfiling_3/8937.7.116541.TAATCG.fastq.gz	69361376	300
bm132	Shoot	PHW65		1	TRUE	TRUE	PHW65		/home/hirschc1/shared/Archive/reads/biomap/RNAseq/JGI.170615.ZeamayEProfiling_3/8937.7.116541.TACAGC.fastq.gz	76816006	300
bm133	Shoot	Q381		1	TRUE	TRUE	Q381		/home/hirschc1/shared/Archive/reads/biomap/RNAseq/JGI.170615.ZeamayEProfiling_3/8937.7.116541.TATAAT.fastq.gz	68497478	300
bm134	Shoot	W64A		1	TRUE	TRUE	W64A		/home/hirschc1/shared/Archive/reads/biomap/RNAseq/JGI.170615.ZeamayEProfiling_3/8937.8.116548.TCATTC.fastq.gz	65533686	300
bm135	Root	AS5707		1	TRUE	TRUE	AS5707		/home/hirschc1/shared/Archive/reads/biomap/RNAseq/JGI.170615.ZeamayEProfiling_3/8937.8.116548.TCCCGA.fastq.gz	49906624	300
bm136	Root	B73		1	TRUE	TRUE	B73		/home/hirschc1/shared/Archive/reads/biomap/RNAseq/JGI.170615.ZeamayEProfiling_3/8937.8.116548.TCGAAG.fastq.gz	60465058	300
bm137	Root	B84		1	TRUE	TRUE	B84		/home/hirschc1/shared/Archive/reads/biomap/RNAseq/JGI.170615.ZeamayEProfiling_3/8937.8.116548.TCGGCA.fastq.gz	49752170	300
bm138	Root	CR1HT		1	TRUE	TRUE	CR1HT		/home/hirschc1/shared/Archive/reads/biomap/RNAseq/JGI.170615.ZeamayEProfiling_3/8937.8.116548.AAACAT.fastq.gz	42719048	300
bm139	Root	DKFAPW		1	TRUE	TRUE	DKFAPW		/home/hirschc1/shared/Archive/reads/biomap/RNAseq/JGI.170615.ZeamayEProfiling_3/8937.8.116548.AAAGCA.fastq.gz	56724688	300
bm140	Root	DKHBA1		1	TRUE	TRUE	DKHBA1		/home/hirschc1/shared/Archive/reads/biomap/RNAseq/JGI.170615.ZeamayEProfiling_3/8911.2.115483.AAATGC.fastq.gz	44400424	300
bm141	Root	H99		1	TRUE	TRUE	H99		/home/hirschc1/shared/Archive/reads/biomap/RNAseq/JGI.170615.ZeamayEProfiling_3/8911.2.115483.AACAAA.fastq.gz	52942922	300
bm142	Root	LH123HT		1	TRUE	TRUE	LH123HT		/home/hirschc1/shared/Archive/reads/biomap/RNAseq/JGI.170615.ZeamayEProfiling_3/8911.2.115483.AACTTG.fastq.gz	56150910	300
bm143	Root	LH145		1	TRUE	TRUE	LH145		/home/hirschc1/shared/Archive/reads/biomap/RNAseq/JGI.170615.ZeamayEProfiling_3/8911.2.115483.AAGACT.fastq.gz	62225748	300
bm144	Root	LH156		1	TRUE	TRUE	LH156		/home/hirschc1/shared/Archive/reads/biomap/RNAseq/JGI.170615.ZeamayEProfiling_3/8911.2.115483.AAGCGA.fastq.gz	56044960	300
bm145	Root	LH85		1	TRUE	TRUE	LH85		/home/hirschc1/shared/Archive/reads/biomap/RNAseq/JGI.170615.ZeamayEProfiling_3/8911.2.115483.AAGGAC.fastq.gz	61816566	300
bm146	Root	LH93		1	TRUE	TRUE	LH93		/home/hirschc1/shared/Archive/reads/biomap/RNAseq/JGI.170615.ZeamayEProfiling_3/8911.3.115490.AATAGG.fastq.gz	70988314	300
bm147	Root	Mo17		1	TRUE	TRUE	Mo17		/home/hirschc1/shared/Archive/reads/biomap/RNAseq/JGI.170615.ZeamayEProfiling_3/8911.3.115490.ACAAAC.fastq.gz	60261540	300
bm148	Root	Mo44		1	TRUE	TRUE	Mo44		/home/hirschc1/shared/Archive/reads/biomap/RNAseq/JGI.170615.ZeamayEProfiling_3/8911.3.115490.ACATCT.fastq.gz	64944354	300
bm149	Root	Mo45		1	TRUE	TRUE	Mo45		/home/hirschc1/shared/Archive/reads/biomap/RNAseq/JGI.170615.ZeamayEProfiling_3/8911.3.115490.ACCCAG.fastq.gz	46994592	300
bm150	Root	MoG		1	TRUE	TRUE	MoG		/home/hirschc1/shared/Archive/reads/biomap/RNAseq/JGI.170615.ZeamayEProfiling_3/8911.3.115490.ACCGGC.fastq.gz	69309620	300
bm151	Root	NC230		1	TRUE	TRUE	NC230		/home/hirschc1/shared/Archive/reads/biomap/RNAseq/JGI.170615.ZeamayEProfiling_3/8911.3.115490.ACGATA.fastq.gz	54342290	300
bm152	Root	NKH8431		1	TRUE	TRUE	NKH8431		/home/hirschc1/shared/Archive/reads/biomap/RNAseq/JGI.170615.ZeamayEProfiling_3/8911.4.115497.ACTCTC.fastq.gz	49128766	300
bm153	Root	NKS8326		1	TRUE	TRUE	NKS8326		/home/hirschc1/shared/Archive/reads/biomap/RNAseq/JGI.170615.ZeamayEProfiling_3/8911.4.115497.AGAAGA.fastq.gz	44590456	300
bm154	Root	Ny821		1	TRUE	TRUE	Ny821		/home/hirschc1/shared/Archive/reads/biomap/RNAseq/JGI.170615.ZeamayEProfiling_3/8911.4.115497.AGATAG.fastq.gz	56545270	300
bm155	Root	Oh43		1	TRUE	TRUE	Oh43		/home/hirschc1/shared/Archive/reads/biomap/RNAseq/JGI.170615.ZeamayEProfiling_3/8911.4.115497.AGCATC.fastq.gz	43332166	300
bm156	Root	PH207		1	TRUE	TRUE	PH207		/home/hirschc1/shared/Archive/reads/biomap/RNAseq/JGI.170615.ZeamayEProfiling_3/8911.4.115497.AGCGCT.fastq.gz	38581896	300
bm157	Root	PHB47		1	TRUE	TRUE	PHB47		/home/hirschc1/shared/Archive/reads/biomap/RNAseq/JGI.170615.ZeamayEProfiling_3/8911.4.115497.AGGCCG.fastq.gz	45388972	300
bm158	Root	PHG29		1	TRUE	TRUE	PHG29		/home/hirschc1/shared/Archive/reads/biomap/RNAseq/JGI.170615.ZeamayEProfiling_3/8911.5.115504.ATACGG.fastq.gz	68083026	300
bm159	Root	PHG35		1	TRUE	TRUE	PHG35		/home/hirschc1/shared/Archive/reads/biomap/RNAseq/JGI.170615.ZeamayEProfiling_3/8911.5.115504.ATCCTA.fastq.gz	63705632	300
bm160	Root	PHG39		1	TRUE	TRUE	PHG39		/home/hirschc1/shared/Archive/reads/biomap/RNAseq/JGI.170615.ZeamayEProfiling_3/8911.5.115504.ATCTAT.fastq.gz	61775638	300
bm161	Root	PHG47		1	TRUE	TRUE	PHG47		/home/hirschc1/shared/Archive/reads/biomap/RNAseq/JGI.170615.ZeamayEProfiling_3/8911.5.115504.CCACGC.fastq.gz	60345296	300
bm162	Root	PHG50		1	TRUE	TRUE	PHG50		/home/hirschc1/shared/Archive/reads/biomap/RNAseq/JGI.170615.ZeamayEProfiling_3/8911.5.115504.CCCATG.fastq.gz	65665132	300
bm163	Root	PHG72		1	TRUE	TRUE	PHG72		/home/hirschc1/shared/Archive/reads/biomap/RNAseq/JGI.170615.ZeamayEProfiling_3/8911.5.115504.CCGCAA.fastq.gz	59817446	300
bm164	Root	PHG83		1	TRUE	TRUE	PHG83		/home/hirschc1/shared/Archive/reads/biomap/RNAseq/JGI.170615.ZeamayEProfiling_3/8911.6.115511.CCTTAG.fastq.gz	67829790	300
bm165	Root	PHJ40		1	TRUE	TRUE	PHJ40		/home/hirschc1/shared/Archive/reads/biomap/RNAseq/JGI.170615.ZeamayEProfiling_3/8911.6.115511.CGAGAA.fastq.gz	59809096	300
bm166	Root	PHN11		1	TRUE	TRUE	PHN11		/home/hirschc1/shared/Archive/reads/biomap/RNAseq/JGI.170615.ZeamayEProfiling_3/8911.6.115511.CTGCTG.fastq.gz	61340310	300
bm167	Root	PHW65		1	TRUE	TRUE	PHW65		/home/hirschc1/shared/Archive/reads/biomap/RNAseq/JGI.170615.ZeamayEProfiling_3/8911.6.115511.GAAACC.fastq.gz	53316662	300
bm168	Root	Q381		1	TRUE	TRUE	Q381		/home/hirschc1/shared/Archive/reads/biomap/RNAseq/JGI.170615.ZeamayEProfiling_3/8911.6.115511.GAATAA.fastq.gz	56056856	300
bm169	Root	W64A		1	TRUE	TRUE	W64A		/home/hirschc1/shared/Archive/reads/biomap/RNAseq/JGI.170615.ZeamayEProfiling_3/8911.6.115511.GACGGA.fastq.gz	63805664	300
bm170	Shoot	LH123HT		2	TRUE	TRUE	LH123HT		/home/hirschc1/shared/Archive/reads/biomap/RNAseq/JGI.170615.ZeamayEProfiling_3/8911.7.115518.GATATA.fastq.gz	76005914	300
bm171	Endosperm	PHG35		1	TRUE	TRUE	PHG35		/home/hirschc1/shared/Archive/reads/biomap/RNAseq/JGI.170615.ZeamayEProfiling_3/8911.7.115518.GATGCT.fastq.gz	66916106	300
bm172	Leaf	AS5707		2	TRUE	TRUE	AS5707		/home/hirschc1/shared/Archive/reads/biomap/RNAseq/JGI.170615.ZeamayEProfiling_3/8911.7.115518.GCAAGG.fastq.gz	70844074	300
bm173	Shoot	LH85		2	TRUE	TRUE	LH85		/home/hirschc1/shared/Archive/reads/biomap/RNAseq/JGI.170615.ZeamayEProfiling_3/8911.7.115518.GCACTT.fastq.gz	72347558	300
bm174	Internode	LH156		2	TRUE	TRUE	LH156		/home/hirschc1/shared/Archive/reads/biomap/RNAseq/JGI.170615.ZeamayEProfiling_3/8911.7.115518.GCCTTA.fastq.gz	78357596	300
bm175	Endosperm	LH145xMo17		1	TRUE	FALSE	LH145	Mo17	/home/hirschc1/shared/Archive/reads/biomap/RNAseq/JGI.230715.ZeamayEProfiling_4/9192.1.124868.CGATGT.fastq.gz	87227302	300
bm176	Endosperm	LH145xMo17		2	TRUE	FALSE	LH145	Mo17	/home/hirschc1/shared/Archive/reads/biomap/RNAseq/JGI.230715.ZeamayEProfiling_4/9192.2.124874.TTAGGC.fastq.gz	46945694	300
bm177	Endosperm	LH156xB73		1	TRUE	FALSE	LH156	B73	/home/hirschc1/shared/Archive/reads/biomap/RNAseq/JGI.230715.ZeamayEProfiling_4/9192.1.124868.TGACCA.fastq.gz	101943216	300
bm178	Endosperm	LH156xB73		2	TRUE	FALSE	LH156	B73	/home/hirschc1/shared/Archive/reads/biomap/RNAseq/JGI.230715.ZeamayEProfiling_4/9192.1.124868.ACAGTG.fastq.gz	98598806	300
bm179	Endosperm	Mo17xB73		1	TRUE	FALSE	Mo17	B73	/home/hirschc1/shared/Archive/reads/biomap/RNAseq/JGI.230715.ZeamayEProfiling_4/9192.1.124868.GCCAAT.fastq.gz	89873536	300
bm180	Endosperm	Mo17xB73		2	TRUE	FALSE	Mo17	B73	/home/hirschc1/shared/Archive/reads/biomap/RNAseq/JGI.230715.ZeamayEProfiling_4/9192.1.124868.CAGATC.fastq.gz	67504896	300
bm181	Endosperm	NC230xB73		1	TRUE	FALSE	NC230	B73	/home/hirschc1/shared/Archive/reads/biomap/RNAseq/JGI.230715.ZeamayEProfiling_4/9192.3.124881.GATCAG.fastq.gz	71910032	300
bm182	Endosperm	NC230xB73		2	TRUE	FALSE	NC230	B73	/home/hirschc1/shared/Archive/reads/biomap/RNAseq/JGI.230715.ZeamayEProfiling_4/9192.3.124881.TAGCTT.fastq.gz	79552404	300
bm183	Endosperm	Q381xB73		1	TRUE	FALSE	Q381	B73	/home/hirschc1/shared/Archive/reads/biomap/RNAseq/JGI.230715.ZeamayEProfiling_4/9192.3.124881.GGCTAC.fastq.gz	66623458	300
bm184	Endosperm	Q381xB73		2	TRUE	FALSE	Q381	B73	/home/hirschc1/shared/Archive/reads/biomap/RNAseq/JGI.230715.ZeamayEProfiling_4/9192.2.124874.CTTGTA.fastq.gz	46841526	300
bm185	Internode	LH156xMo17		1	TRUE	FALSE	LH156	Mo17	/home/hirschc1/shared/Archive/reads/biomap/RNAseq/JGI.230715.ZeamayEProfiling_4/9192.3.124881.AGTCAA.fastq.gz	73491962	300
bm186	Internode	LH156xMo17		2	TRUE	FALSE	LH156	Mo17	/home/hirschc1/shared/Archive/reads/biomap/RNAseq/JGI.230715.ZeamayEProfiling_4/9192.3.124881.AGTTCC.fastq.gz	80338830	300
bm187	Leaf	Mo17xPHG29		1	TRUE	FALSE	Mo17	PHG29	/home/hirschc1/shared/Archive/reads/biomap/RNAseq/JGI.230715.ZeamayEProfiling_4/9192.3.124881.ATGTCA.fastq.gz	76677436	300
bm188	Leaf	Mo17xPHG29		2	TRUE	FALSE	Mo17	PHG29	/home/hirschc1/shared/Archive/reads/biomap/RNAseq/JGI.230715.ZeamayEProfiling_4/9192.4.124888.CCGTCC.fastq.gz	76576426	300
bm189	Leaf	Mo44xMo17		1	TRUE	FALSE	Mo44	Mo17	/home/hirschc1/shared/Archive/reads/biomap/RNAseq/JGI.230715.ZeamayEProfiling_4/9192.4.124888.GTAGAG.fastq.gz	65861256	300
bm190	Leaf	Mo44xMo17		2	TRUE	FALSE	Mo44	Mo17	/home/hirschc1/shared/Archive/reads/biomap/RNAseq/JGI.230715.ZeamayEProfiling_4/9192.4.124888.GTCCGC.fastq.gz	76540174	300
bm191	Leaf	PHG47xB73		1	TRUE	FALSE	PHG47	B73	/home/hirschc1/shared/Archive/reads/biomap/RNAseq/JGI.230715.ZeamayEProfiling_4/9192.4.124888.GTGAAA.fastq.gz	68921744	300
bm192	Leaf	PHG47xB73		2	TRUE	FALSE	PHG47	B73	/home/hirschc1/shared/Archive/reads/biomap/RNAseq/JGI.230715.ZeamayEProfiling_4/9192.4.124888.GTGGCC.fastq.gz	62781656	300
bm193	Leaf	PHW65xB73		1	TRUE	FALSE	PHW65	B73	/home/hirschc1/shared/Archive/reads/biomap/RNAseq/JGI.230715.ZeamayEProfiling_4/9192.4.124888.GTTTCG.fastq.gz	65575692	300
bm194	Leaf	PHW65xB73		2	TRUE	FALSE	PHW65	B73	/home/hirschc1/shared/Archive/reads/biomap/RNAseq/JGI.230715.ZeamayEProfiling_4/9192.2.124874.CGTACG.fastq.gz	54905176	300
bm195	Leaf	W64AxMo17		1	TRUE	FALSE	W64A	Mo17	/home/hirschc1/shared/Archive/reads/biomap/RNAseq/JGI.230715.ZeamayEProfiling_4/9192.5.124895.GAGTGG.fastq.gz	65735734	300
bm196	Leaf	W64AxMo17		2	TRUE	FALSE	W64A	Mo17	/home/hirschc1/shared/Archive/reads/biomap/RNAseq/JGI.230715.ZeamayEProfiling_4/9192.5.124895.GGTAGC.fastq.gz	64356030	300
bm197	Root	LH156xMo17		1	TRUE	FALSE	LH156	Mo17	/home/hirschc1/shared/Archive/reads/biomap/RNAseq/JGI.230715.ZeamayEProfiling_4/9192.5.124895.ACTGAT.fastq.gz	64162412	300
bm198	Root	LH156xMo17		2	TRUE	FALSE	LH156	Mo17	/home/hirschc1/shared/Archive/reads/biomap/RNAseq/JGI.230715.ZeamayEProfiling_4/9192.5.124895.ATGAGC.fastq.gz	53638388	300
bm199	Endosperm	B73xMo17		1	TRUE	FALSE	B73	Mo17	/home/hirschc1/shared/Archive/reads/biomap/RNAseq/JGI.230715.ZeamayEProfiling_4/9192.5.124895.ATTCCT.fastq.gz	64917066	300
bm200	Endosperm	B84xMo17		1	TRUE	FALSE	B84	Mo17	/home/hirschc1/shared/Archive/reads/biomap/RNAseq/JGI.230715.ZeamayEProfiling_4/9192.5.124895.CAAAAG.fastq.gz	76986356	300
bm201	Endosperm	B84xPH207		1	TRUE	FALSE	B84	PH207	/home/hirschc1/shared/Archive/reads/biomap/RNAseq/JGI.230715.ZeamayEProfiling_4/9192.6.124902.CAACTA.fastq.gz	64598182	300
bm202	Endosperm	CR1HTxB73		1	TRUE	FALSE	CR1HT	B73	/home/hirschc1/shared/Archive/reads/biomap/RNAseq/JGI.230715.ZeamayEProfiling_4/9192.6.124902.CACCGG.fastq.gz	67976754	300
bm203	Endosperm	CR1HTxMo17		1	TRUE	FALSE	CR1HT	Mo17	/home/hirschc1/shared/Archive/reads/biomap/RNAseq/JGI.230715.ZeamayEProfiling_4/9192.2.124874.CACGAT.fastq.gz	48964130	300
bm204	Endosperm	CR1HTxPH207		1	TRUE	FALSE	CR1HT	PH207	/home/hirschc1/shared/Archive/reads/biomap/RNAseq/JGI.230715.ZeamayEProfiling_4/9192.6.124902.CACTCA.fastq.gz	64855718	300
bm205	Endosperm	DKFAPWxB73		1	TRUE	FALSE	DKFAPW	B73	/home/hirschc1/shared/Archive/reads/biomap/RNAseq/JGI.230715.ZeamayEProfiling_4/9192.6.124902.CAGGCG.fastq.gz	76302112	300
bm206	Endosperm	DKFAPWxMo17		1	TRUE	FALSE	DKFAPW	Mo17	/home/hirschc1/shared/Archive/reads/biomap/RNAseq/JGI.230715.ZeamayEProfiling_4/9192.6.124902.CATGGC.fastq.gz	76106974	300
bm207	Endosperm	H99xB73		1	TRUE	FALSE	H99	B73	/home/hirschc1/shared/Archive/reads/biomap/RNAseq/JGI.230715.ZeamayEProfiling_4/9192.6.124902.CATTTT.fastq.gz	57888954	300
bm208	Endosperm	H99xMo17		1	TRUE	FALSE	H99	Mo17	/home/hirschc1/shared/Archive/reads/biomap/RNAseq/JGI.230715.ZeamayEProfiling_4/9192.7.124909.CCAACA.fastq.gz	74444918	300
bm209	Endosperm	H99xPH207		1	TRUE	FALSE	H99	PH207	/home/hirschc1/shared/Archive/reads/biomap/RNAseq/JGI.230715.ZeamayEProfiling_4/9192.7.124909.CGGAAT.fastq.gz	62291648	300
bm210	Endosperm	LH123HTxB73		1	TRUE	FALSE	LH123HT	B73	/home/hirschc1/shared/Archive/reads/biomap/RNAseq/JGI.230715.ZeamayEProfiling_4/9192.7.124909.CTAGCT.fastq.gz	77750622	300
bm211	Endosperm	LH123HTxPH207		1	TRUE	FALSE	LH123HT	PH207	/home/hirschc1/shared/Archive/reads/biomap/RNAseq/JGI.230715.ZeamayEProfiling_4/9192.7.124909.CTATAC.fastq.gz	67303210	300
bm212	Endosperm	LH145xB73		1	TRUE	FALSE	LH145	B73	/home/hirschc1/shared/Archive/reads/biomap/RNAseq/JGI.230715.ZeamayEProfiling_4/9192.7.124909.CTCAGA.fastq.gz	73040134	300
bm213	Endosperm	LH145xPH207		1	TRUE	FALSE	LH145	PH207	/home/hirschc1/shared/Archive/reads/biomap/RNAseq/JGI.230715.ZeamayEProfiling_4/9192.7.124909.GACGAC.fastq.gz	60331144	300
bm214	Endosperm	LH156xMo17		1	TRUE	FALSE	LH156	Mo17	/home/hirschc1/shared/Archive/reads/biomap/RNAseq/JGI.230715.ZeamayEProfiling_4/9222.1.125646.TAATCG.fastq.gz	92128986	300
bm215	Endosperm	LH85xB73		1	TRUE	FALSE	LH85	B73	/home/hirschc1/shared/Archive/reads/biomap/RNAseq/JGI.230715.ZeamayEProfiling_4/9222.1.125646.TACAGC.fastq.gz	73126996	300
bm216	Endosperm	LH85xMo17		1	TRUE	FALSE	LH85	Mo17	/home/hirschc1/shared/Archive/reads/biomap/RNAseq/JGI.230715.ZeamayEProfiling_4/9222.1.125646.TATAAT.fastq.gz	84808602	300
bm217	Endosperm	LH85xPH207		1	TRUE	FALSE	LH85	PH207	/home/hirschc1/shared/Archive/reads/biomap/RNAseq/JGI.230715.ZeamayEProfiling_4/9222.1.125646.TCATTC.fastq.gz	87630624	300
bm218	Endosperm	LH93xB73		1	TRUE	FALSE	LH93	B73	/home/hirschc1/shared/Archive/reads/biomap/RNAseq/JGI.230715.ZeamayEProfiling_4/9222.1.125646.TCCCGA.fastq.gz	76719078	300
bm219	Endosperm	LH93xMo17		1	TRUE	FALSE	LH93	Mo17	/home/hirschc1/shared/Archive/reads/biomap/RNAseq/JGI.230715.ZeamayEProfiling_4/9192.2.124874.TCGAAG.fastq.gz	48199362	300
bm220	Endosperm	LH93xPH207		1	TRUE	FALSE	LH93	PH207	/home/hirschc1/shared/Archive/reads/biomap/RNAseq/JGI.230715.ZeamayEProfiling_4/9222.1.125646.TCGGCA.fastq.gz	89303522	300
bm221	Endosperm	Mo45xB73		1	TRUE	FALSE	Mo45	B73	/home/hirschc1/shared/Archive/reads/biomap/RNAseq/JGI.230715.ZeamayEProfiling_4/9222.2.125653.AAACAT.fastq.gz	81404942	300
bm222	Endosperm	Mo45xPH207		1	TRUE	FALSE	Mo45	PH207	/home/hirschc1/shared/Archive/reads/biomap/RNAseq/JGI.230715.ZeamayEProfiling_4/9222.2.125653.AAAGCA.fastq.gz	85173702	300
bm223	Endosperm	NC230xMo17		1	TRUE	FALSE	NC230	Mo17	/home/hirschc1/shared/Archive/reads/biomap/RNAseq/JGI.230715.ZeamayEProfiling_4/9222.2.125653.AAATGC.fastq.gz	68208536	300
bm224	Endosperm	NKH8431xMo17		1	TRUE	FALSE	NKH8431	Mo17	/home/hirschc1/shared/Archive/reads/biomap/RNAseq/JGI.230715.ZeamayEProfiling_4/9222.2.125653.AACAAA.fastq.gz	77859158	300
bm225	Endosperm	NKH8431xPH207		1	TRUE	FALSE	NKH8431	PH207	/home/hirschc1/shared/Archive/reads/biomap/RNAseq/JGI.230715.ZeamayEProfiling_4/9222.2.125653.AACTTG.fastq.gz	54516628	300
bm226	Endosperm	NKS8326xB73		1	TRUE	FALSE	NKS8326	B73	/home/hirschc1/shared/Archive/reads/biomap/RNAseq/JGI.230715.ZeamayEProfiling_4/9222.2.125653.AAGACT.fastq.gz	67698990	300
bm227	Endosperm	NKS8326xMo17		1	TRUE	FALSE	NKS8326	Mo17	/home/hirschc1/shared/Archive/reads/biomap/RNAseq/JGI.230715.ZeamayEProfiling_4/9222.3.125660.AAGCGA.fastq.gz	67100132	300
bm228	Endosperm	NKS8326xPH207		1	TRUE	FALSE	NKS8326	PH207	/home/hirschc1/shared/Archive/reads/biomap/RNAseq/JGI.230715.ZeamayEProfiling_4/9222.3.125660.AAGGAC.fastq.gz	65988822	300
bm229	Endosperm	Ny821xB73		1	TRUE	FALSE	Ny821	B73	/home/hirschc1/shared/Archive/reads/biomap/RNAseq/JGI.230715.ZeamayEProfiling_4/9222.3.125660.AATAGG.fastq.gz	67128546	300
bm230	Endosperm	Ny821xPH207		1	TRUE	FALSE	Ny821	PH207	/home/hirschc1/shared/Archive/reads/biomap/RNAseq/JGI.230715.ZeamayEProfiling_4/9222.3.125660.ACAAAC.fastq.gz	70638732	300
bm231	Endosperm	Oh43xPH207		1	TRUE	FALSE	Oh43	PH207	/home/hirschc1/shared/Archive/reads/biomap/RNAseq/JGI.230715.ZeamayEProfiling_4/9222.3.125660.ACATCT.fastq.gz	68065948	300
bm232	Endosperm	PH207xB73		1	TRUE	FALSE	PH207	B73	/home/hirschc1/shared/Archive/reads/biomap/RNAseq/JGI.230715.ZeamayEProfiling_4/9222.3.125660.ACCCAG.fastq.gz	63737784	300
bm233	Endosperm	PH207xMo17		1	TRUE	FALSE	PH207	Mo17	/home/hirschc1/shared/Archive/reads/biomap/RNAseq/JGI.230715.ZeamayEProfiling_4/9222.4.125667.ACCGGC.fastq.gz	68822434	300
bm234	Endosperm	PHB47xB73		1	TRUE	FALSE	PHB47	B73	/home/hirschc1/shared/Archive/reads/biomap/RNAseq/JGI.230715.ZeamayEProfiling_4/9222.4.125667.ACGATA.fastq.gz	77581108	300
bm235	Endosperm	PHB47xMo17		1	TRUE	FALSE	PHB47	Mo17	/home/hirschc1/shared/Archive/reads/biomap/RNAseq/JGI.230715.ZeamayEProfiling_4/9222.4.125667.ACTCTC.fastq.gz	67889138	300
bm236	Endosperm	PHB47xPH207		1	TRUE	FALSE	PHB47	PH207	/home/hirschc1/shared/Archive/reads/biomap/RNAseq/JGI.230715.ZeamayEProfiling_4/9222.4.125667.AGAAGA.fastq.gz	69288804	300
bm237	Endosperm	PHG29xB73		1	TRUE	FALSE	PHG29	B73	/home/hirschc1/shared/Archive/reads/biomap/RNAseq/JGI.230715.ZeamayEProfiling_4/9222.4.125667.AGATAG.fastq.gz	71829432	300
bm238	Endosperm	PHG29xMo17		1	TRUE	FALSE	PHG29	Mo17	/home/hirschc1/shared/Archive/reads/biomap/RNAseq/JGI.230715.ZeamayEProfiling_4/9222.4.125667.AGCATC.fastq.gz	60193956	300
bm239	Endosperm	PHG29xPH207		1	TRUE	FALSE	PHG29	PH207	/home/hirschc1/shared/Archive/reads/biomap/RNAseq/JGI.230715.ZeamayEProfiling_4/9222.5.125674.AGCGCT.fastq.gz	85448226	300
bm240	Endosperm	PHG35xMo17		1	TRUE	FALSE	PHG35	Mo17	/home/hirschc1/shared/Archive/reads/biomap/RNAseq/JGI.230715.ZeamayEProfiling_4/9222.5.125674.AGGCCG.fastq.gz	90371996	300
bm241	Endosperm	PHG35xPH207		1	TRUE	FALSE	PHG35	PH207	/home/hirschc1/shared/Archive/reads/biomap/RNAseq/JGI.230715.ZeamayEProfiling_4/9222.5.125674.ATACGG.fastq.gz	91557214	300
bm242	Endosperm	PHG39xB73		1	TRUE	FALSE	PHG39	B73	/home/hirschc1/shared/Archive/reads/biomap/RNAseq/JGI.230715.ZeamayEProfiling_4/9222.5.125674.ATCCTA.fastq.gz	41293680	300
bm243	Endosperm	PHG39xMo17		1	TRUE	FALSE	PHG39	Mo17	/home/hirschc1/shared/Archive/reads/biomap/RNAseq/JGI.230715.ZeamayEProfiling_4/9222.5.125674.ATCTAT.fastq.gz	86479124	300
bm244	Endosperm	PHG47xB73		1	TRUE	FALSE	PHG47	B73	/home/hirschc1/shared/Archive/reads/biomap/RNAseq/JGI.230715.ZeamayEProfiling_4/9222.5.125674.CCACGC.fastq.gz	78766588	300
bm245	Endosperm	PHG47xMo17		1	TRUE	FALSE	PHG47	Mo17	/home/hirschc1/shared/Archive/reads/biomap/RNAseq/JGI.230715.ZeamayEProfiling_4/9222.6.125681.CCCATG.fastq.gz	64195742	300
bm246	Endosperm	PHG47xPH207		1	TRUE	FALSE	PHG47	PH207	/home/hirschc1/shared/Archive/reads/biomap/RNAseq/JGI.230715.ZeamayEProfiling_4/9222.6.125681.CCGCAA.fastq.gz	63231748	300
bm247	Endosperm	PHG50xPH207		1	TRUE	FALSE	PHG50	PH207	/home/hirschc1/shared/Archive/reads/biomap/RNAseq/JGI.230715.ZeamayEProfiling_4/9222.6.125681.CCTTAG.fastq.gz	64137372	300
bm248	Endosperm	PHG72xB73		1	TRUE	FALSE	PHG72	B73	/home/hirschc1/shared/Archive/reads/biomap/RNAseq/JGI.230715.ZeamayEProfiling_4/9222.6.125681.CGAGAA.fastq.gz	56090160	300
bm249	Endosperm	PHG72xMo17		1	TRUE	FALSE	PHG72	Mo17	/home/hirschc1/shared/Archive/reads/biomap/RNAseq/JGI.230715.ZeamayEProfiling_4/9222.6.125681.CTGCTG.fastq.gz	59348178	300
bm250	Endosperm	PHG72xPH207		1	TRUE	FALSE	PHG72	PH207	/home/hirschc1/shared/Archive/reads/biomap/RNAseq/JGI.230715.ZeamayEProfiling_4/9222.6.125681.GAAACC.fastq.gz	63991274	300
bm251	Endosperm	PHG83xB73		1	TRUE	FALSE	PHG83	B73	/home/hirschc1/shared/Archive/reads/biomap/RNAseq/JGI.230715.ZeamayEProfiling_4/9222.7.125688.GAATAA.fastq.gz	65937918	300
bm252	Endosperm	PHG83xPH207		1	TRUE	FALSE	PHG83	PH207	/home/hirschc1/shared/Archive/reads/biomap/RNAseq/JGI.230715.ZeamayEProfiling_4/9222.7.125688.GACGGA.fastq.gz	57907856	300
bm253	Endosperm	PHJ40xPH207		1	TRUE	FALSE	PHJ40	PH207	/home/hirschc1/shared/Archive/reads/biomap/RNAseq/JGI.230715.ZeamayEProfiling_4/9222.7.125688.GATATA.fastq.gz	76963016	300
bm254	Endosperm	PHN11xB73		1	TRUE	FALSE	PHN11	B73	/home/hirschc1/shared/Archive/reads/biomap/RNAseq/JGI.230715.ZeamayEProfiling_4/9222.7.125688.GATGCT.fastq.gz	61585296	300
bm255	Endosperm	PHN11xPH207		1	TRUE	FALSE	PHN11	PH207	/home/hirschc1/shared/Archive/reads/biomap/RNAseq/JGI.230715.ZeamayEProfiling_4/9222.7.125688.GCAAGG.fastq.gz	68419006	300
bm256	Endosperm	PHW65xB73		1	TRUE	FALSE	PHW65	B73	/home/hirschc1/shared/Archive/reads/biomap/RNAseq/JGI.230715.ZeamayEProfiling_4/9222.7.125688.GCACTT.fastq.gz	65010744	300
bm257	Endosperm	PHW65xMo17		1	TRUE	FALSE	PHW65	Mo17	/home/hirschc1/shared/Archive/reads/biomap/RNAseq/JGI.230715.ZeamayEProfiling_4/9222.8.125695.GCCTTA.fastq.gz	99750162	300
bm258	Endosperm	PHW65xPH207		1	TRUE	FALSE	PHW65	PH207	/home/hirschc1/shared/Archive/reads/biomap/RNAseq/JGI.230715.ZeamayEProfiling_4/9222.8.125695.GCTCCA.fastq.gz	93683448	300
bm259	Endosperm	Q381xMo17		1	TRUE	FALSE	Q381	Mo17	/home/hirschc1/shared/Archive/reads/biomap/RNAseq/JGI.230715.ZeamayEProfiling_4/9222.8.125695.GGCACA.fastq.gz	77038968	300
bm260	Endosperm	Q381xPH207		1	TRUE	FALSE	Q381	PH207	/home/hirschc1/shared/Archive/reads/biomap/RNAseq/JGI.230715.ZeamayEProfiling_4/9222.8.125695.GGCCTG.fastq.gz	84731548	300
bm261	Endosperm	W64AxPH207		1	TRUE	FALSE	W64A	PH207	/home/hirschc1/shared/Archive/reads/biomap/RNAseq/JGI.230715.ZeamayEProfiling_4/9222.8.125695.TGAATG.fastq.gz	96953366	300
bm262	Leaf	B84xB73		1	TRUE	FALSE	B84	B73	/home/hirschc1/shared/Archive/reads/biomap/RNAseq/JGI.230715.ZeamayEProfiling_4/9163.2.124055.CGATGT.fastq.gz	77372254	300
bm263	Leaf	B84xMo17		1	TRUE	FALSE	B84	Mo17	/home/hirschc1/shared/Archive/reads/biomap/RNAseq/JGI.230715.ZeamayEProfiling_4/9163.2.124055.TTAGGC.fastq.gz	64739194	300
bm264	Leaf	DKFAPWxB73		1	TRUE	FALSE	DKFAPW	B73	/home/hirschc1/shared/Archive/reads/biomap/RNAseq/JGI.230715.ZeamayEProfiling_4/9163.2.124055.TGACCA.fastq.gz	69026002	300
bm265	Leaf	DKFAPWxMo17		1	TRUE	FALSE	DKFAPW	Mo17	/home/hirschc1/shared/Archive/reads/biomap/RNAseq/JGI.230715.ZeamayEProfiling_4/9163.2.124055.ACAGTG.fastq.gz	64773368	300
bm266	Leaf	H99xB73		1	TRUE	FALSE	H99	B73	/home/hirschc1/shared/Archive/reads/biomap/RNAseq/JGI.230715.ZeamayEProfiling_4/9163.2.124055.GCCAAT.fastq.gz	79508308	300
bm267	Leaf	H99xMo17		1	TRUE	FALSE	H99	Mo17	/home/hirschc1/shared/Archive/reads/biomap/RNAseq/JGI.230715.ZeamayEProfiling_4/9163.2.124055.CAGATC.fastq.gz	62757674	300
bm268	Leaf	LH123HTxB73		1	TRUE	FALSE	LH123HT	B73	/home/hirschc1/shared/Archive/reads/biomap/RNAseq/JGI.230715.ZeamayEProfiling_4/9163.3.124062.GATCAG.fastq.gz	68040044	300
bm269	Leaf	LH123HTxMo17		1	TRUE	FALSE	LH123HT	Mo17	/home/hirschc1/shared/Archive/reads/biomap/RNAseq/JGI.230715.ZeamayEProfiling_4/9163.3.124062.TAGCTT.fastq.gz	81827338	300
bm270	Leaf	LH145xB73		1	TRUE	FALSE	LH145	B73	/home/hirschc1/shared/Archive/reads/biomap/RNAseq/JGI.230715.ZeamayEProfiling_4/9163.3.124062.GGCTAC.fastq.gz	60047084	300
bm271	Leaf	LH156xB73		1	TRUE	FALSE	LH156	B73	/home/hirschc1/shared/Archive/reads/biomap/RNAseq/JGI.230715.ZeamayEProfiling_4/9163.3.124062.CTTGTA.fastq.gz	66639178	300
bm272	Leaf	LH156xMo17		1	TRUE	FALSE	LH156	Mo17	/home/hirschc1/shared/Archive/reads/biomap/RNAseq/JGI.230715.ZeamayEProfiling_4/9163.3.124062.AGTCAA.fastq.gz	66430004	300
bm273	Leaf	LH85xB73		1	TRUE	FALSE	LH85	B73	/home/hirschc1/shared/Archive/reads/biomap/RNAseq/JGI.230715.ZeamayEProfiling_4/9163.3.124062.AGTTCC.fastq.gz	68714660	300
bm274	Leaf	LH93xB73		1	TRUE	FALSE	LH93	B73	/home/hirschc1/shared/Archive/reads/biomap/RNAseq/JGI.230715.ZeamayEProfiling_4/9163.4.124069.ATGTCA.fastq.gz	55568182	300
bm275	Leaf	LH93xMo17		1	TRUE	FALSE	LH93	Mo17	/home/hirschc1/shared/Archive/reads/biomap/RNAseq/JGI.230715.ZeamayEProfiling_4/9163.4.124069.CCGTCC.fastq.gz	63150708	300
bm276	Leaf	Mo17xB73		1	TRUE	FALSE	Mo17	B73	/home/hirschc1/shared/Archive/reads/biomap/RNAseq/JGI.230715.ZeamayEProfiling_4/9163.4.124069.GTAGAG.fastq.gz	62891730	300
bm277	Leaf	Mo17xOh43		1	TRUE	FALSE	Mo17	Oh43	/home/hirschc1/shared/Archive/reads/biomap/RNAseq/JGI.230715.ZeamayEProfiling_4/9163.4.124069.GTCCGC.fastq.gz	70606530	300
bm278	Leaf	Mo17xPH207		1	TRUE	FALSE	Mo17	PH207	/home/hirschc1/shared/Archive/reads/biomap/RNAseq/JGI.230715.ZeamayEProfiling_4/9163.4.124069.GTGAAA.fastq.gz	61825706	300
bm279	Leaf	Mo44xB73		1	TRUE	FALSE	Mo44	B73	/home/hirschc1/shared/Archive/reads/biomap/RNAseq/JGI.230715.ZeamayEProfiling_4/9163.4.124069.GTGGCC.fastq.gz	67309890	300
bm280	Leaf	Mo45xB73		1	TRUE	FALSE	Mo45	B73	/home/hirschc1/shared/Archive/reads/biomap/RNAseq/JGI.230715.ZeamayEProfiling_4/9163.5.124076.GTTTCG.fastq.gz	60793576	300
bm281	Leaf	Mo45xMo17		1	TRUE	FALSE	Mo45	Mo17	/home/hirschc1/shared/Archive/reads/biomap/RNAseq/JGI.230715.ZeamayEProfiling_4/9163.5.124076.CGTACG.fastq.gz	61691792	300
bm282	Leaf	MoGxB73		1	TRUE	FALSE	MoG	B73	/home/hirschc1/shared/Archive/reads/biomap/RNAseq/JGI.230715.ZeamayEProfiling_4/9163.5.124076.GAGTGG.fastq.gz	53607078	300
bm283	Leaf	MoGxMo17		1	TRUE	FALSE	MoG	Mo17	/home/hirschc1/shared/Archive/reads/biomap/RNAseq/JGI.230715.ZeamayEProfiling_4/9163.5.124076.GGTAGC.fastq.gz	58188532	300
bm284	Leaf	NKH8431xB73		1	TRUE	FALSE	NKH8431	B73	/home/hirschc1/shared/Archive/reads/biomap/RNAseq/JGI.230715.ZeamayEProfiling_4/9163.6.124083.ACTGAT.fastq.gz	82843052	300
bm285	Leaf	NKS8326xB73		1	TRUE	FALSE	NKS8326	B73	/home/hirschc1/shared/Archive/reads/biomap/RNAseq/JGI.230715.ZeamayEProfiling_4/9163.6.124083.ATGAGC.fastq.gz	92092306	300
bm286	Leaf	NKS8326xMo17		1	TRUE	FALSE	NKS8326	Mo17	/home/hirschc1/shared/Archive/reads/biomap/RNAseq/JGI.230715.ZeamayEProfiling_4/9163.6.124083.ATTCCT.fastq.gz	94144878	300
bm287	Leaf	Oh43xB73		1	TRUE	FALSE	Oh43	B73	/home/hirschc1/shared/Archive/reads/biomap/RNAseq/JGI.230715.ZeamayEProfiling_4/9163.6.124083.CAAAAG.fastq.gz	98102692	300
bm288	Leaf	PH207xB73		1	TRUE	FALSE	PH207	B73	/home/hirschc1/shared/Archive/reads/biomap/RNAseq/JGI.230715.ZeamayEProfiling_4/9163.7.124088.CAACTA.fastq.gz	88817786	300
bm289	Leaf	PHB47xB73		1	TRUE	FALSE	PHB47	B73	/home/hirschc1/shared/Archive/reads/biomap/RNAseq/JGI.230715.ZeamayEProfiling_4/9163.7.124088.CACCGG.fastq.gz	88761004	300
bm290	Leaf	PHB47xMo17		1	TRUE	FALSE	PHB47	Mo17	/home/hirschc1/shared/Archive/reads/biomap/RNAseq/JGI.230715.ZeamayEProfiling_4/9163.7.124088.CACGAT.fastq.gz	82561694	300
bm291	Leaf	PHG29xB73		1	TRUE	FALSE	PHG29	B73	/home/hirschc1/shared/Archive/reads/biomap/RNAseq/JGI.230715.ZeamayEProfiling_4/9163.7.124088.CACTCA.fastq.gz	95769330	300
bm292	Leaf	PHG35xB73		1	TRUE	FALSE	PHG35	B73	/home/hirschc1/shared/Archive/reads/biomap/RNAseq/JGI.230715.ZeamayEProfiling_4/9163.5.124076.CAGGCG.fastq.gz	59846810	300
bm293	Leaf	PHG35xMo17		1	TRUE	FALSE	PHG35	Mo17	/home/hirschc1/shared/Archive/reads/biomap/RNAseq/JGI.230715.ZeamayEProfiling_4/9163.5.124076.CATGGC.fastq.gz	63377058	300
bm294	Leaf	PHG39xB73		1	TRUE	FALSE	PHG39	B73	/home/hirschc1/shared/Archive/reads/biomap/RNAseq/JGI.230715.ZeamayEProfiling_4/9163.8.124093.CATTTT.fastq.gz	65629682	300
bm295	Leaf	PHG39xMo17		1	TRUE	FALSE	PHG39	Mo17	/home/hirschc1/shared/Archive/reads/biomap/RNAseq/JGI.230715.ZeamayEProfiling_4/9163.8.124093.CCAACA.fastq.gz	72834466	300
bm296	Leaf	PHG47xMo17		1	TRUE	FALSE	PHG47	Mo17	/home/hirschc1/shared/Archive/reads/biomap/RNAseq/JGI.230715.ZeamayEProfiling_4/9163.8.124093.CGGAAT.fastq.gz	62793392	300
bm297	Leaf	PHG50xB73		1	TRUE	FALSE	PHG50	B73	/home/hirschc1/shared/Archive/reads/biomap/RNAseq/JGI.230715.ZeamayEProfiling_4/9163.8.124093.CTAGCT.fastq.gz	68672008	300
bm298	Leaf	PHG50xMo17		1	TRUE	FALSE	PHG50	Mo17	/home/hirschc1/shared/Archive/reads/biomap/RNAseq/JGI.230715.ZeamayEProfiling_4/9163.8.124093.CTATAC.fastq.gz	63785946	300
bm299	Leaf	PHG72xB73		1	TRUE	FALSE	PHG72	B73	/home/hirschc1/shared/Archive/reads/biomap/RNAseq/JGI.230715.ZeamayEProfiling_4/9163.8.124093.CTCAGA.fastq.gz	67170318	300
bm300	Leaf	PHJ40xB73		1	TRUE	FALSE	PHJ40	B73	/home/hirschc1/shared/Archive/reads/biomap/RNAseq/JGI.230715.ZeamayEProfiling_4/9162.1.124100.GACGAC.fastq.gz	71183452	300
bm301	Leaf	PHJ40xMo17		1	TRUE	FALSE	PHJ40	Mo17	/home/hirschc1/shared/Archive/reads/biomap/RNAseq/JGI.230715.ZeamayEProfiling_4/9162.1.124100.TAATCG.fastq.gz	75023730	300
bm302	Leaf	PHN11xB73		1	TRUE	FALSE	PHN11	B73	/home/hirschc1/shared/Archive/reads/biomap/RNAseq/JGI.230715.ZeamayEProfiling_4/9162.1.124100.TACAGC.fastq.gz	66079806	300
bm303	Leaf	PHN11xMo17		1	TRUE	FALSE	PHN11	Mo17	/home/hirschc1/shared/Archive/reads/biomap/RNAseq/JGI.230715.ZeamayEProfiling_4/9162.1.124100.TATAAT.fastq.gz	61143626	300
bm304	Leaf	PHW65xMo17		1	TRUE	FALSE	PHW65	Mo17	/home/hirschc1/shared/Archive/reads/biomap/RNAseq/JGI.230715.ZeamayEProfiling_4/9162.1.124100.TCATTC.fastq.gz	64161108	300
bm305	Leaf	Q381xB73		1	TRUE	FALSE	Q381	B73	/home/hirschc1/shared/Archive/reads/biomap/RNAseq/JGI.230715.ZeamayEProfiling_4/9162.1.124100.TCCCGA.fastq.gz	61995946	300
bm306	Leaf	W64AxMo17XB73		1	TRUE	FALSE	W64A	B73	/home/hirschc1/shared/Archive/reads/biomap/RNAseq/JGI.230715.ZeamayEProfiling_4/9162.2.124107.TCGAAG.fastq.gz	66447880	300
bm307	Root	B84xB73		1	TRUE	FALSE	B84	B73	/home/hirschc1/shared/Archive/reads/biomap/RNAseq/JGI.230715.ZeamayEProfiling_4/9162.2.124107.TCGGCA.fastq.gz	61241208	300
bm308	Root	B84xMo17		1	TRUE	FALSE	B84	Mo17	/home/hirschc1/shared/Archive/reads/biomap/RNAseq/JGI.230715.ZeamayEProfiling_4/9162.2.124107.AAACAT.fastq.gz	59959692	300
bm309	Root	DKFAPWxB73		1	TRUE	FALSE	DKFAPW	B73	/home/hirschc1/shared/Archive/reads/biomap/RNAseq/JGI.230715.ZeamayEProfiling_4/9162.2.124107.AAAGCA.fastq.gz	72230586	300
bm310	Root	DKFAPWxMo17		1	TRUE	FALSE	DKFAPW	Mo17	/home/hirschc1/shared/Archive/reads/biomap/RNAseq/JGI.230715.ZeamayEProfiling_4/9162.2.124107.AAATGC.fastq.gz	57683312	300
bm311	Root	H99xB73		1	TRUE	FALSE	H99	B73	/home/hirschc1/shared/Archive/reads/biomap/RNAseq/JGI.230715.ZeamayEProfiling_4/9162.2.124107.AACAAA.fastq.gz	69934734	300
bm312	Root	H99xMo17		1	TRUE	FALSE	H99	Mo17	/home/hirschc1/shared/Archive/reads/biomap/RNAseq/JGI.230715.ZeamayEProfiling_4/9162.3.124114.AACTTG.fastq.gz	64091046	300
bm313	Root	LH123HTxB73		1	TRUE	FALSE	LH123HT	B73	/home/hirschc1/shared/Archive/reads/biomap/RNAseq/JGI.230715.ZeamayEProfiling_4/9162.3.124114.AAGACT.fastq.gz	66431292	300
bm314	Root	LH123HTxMo17		1	TRUE	FALSE	LH123HT	Mo17	/home/hirschc1/shared/Archive/reads/biomap/RNAseq/JGI.230715.ZeamayEProfiling_4/9162.3.124114.AAGCGA.fastq.gz	59768934	300
bm315	Root	LH145xB73		1	TRUE	FALSE	LH145	B73	/home/hirschc1/shared/Archive/reads/biomap/RNAseq/JGI.230715.ZeamayEProfiling_4/9162.3.124114.AAGGAC.fastq.gz	64858130	300
bm316	Root	LH156xB73		1	TRUE	FALSE	LH156	B73	/home/hirschc1/shared/Archive/reads/biomap/RNAseq/JGI.230715.ZeamayEProfiling_4/9162.3.124114.AATAGG.fastq.gz	74461278	300
bm317	Root	LH85xB73		1	TRUE	FALSE	LH85	B73	/home/hirschc1/shared/Archive/reads/biomap/RNAseq/JGI.230715.ZeamayEProfiling_4/9162.3.124114.ACAAAC.fastq.gz	77553548	300
bm318	Leaf	LH93xB73		1	TRUE	FALSE	LH93	B73	/home/hirschc1/shared/Archive/reads/biomap/RNAseq/JGI.230715.ZeamayEProfiling_4/9162.4.124121.ACATCT.fastq.gz	65834464	300
bm319	Root	LH93xMo17		1	TRUE	FALSE	LH93	Mo17	/home/hirschc1/shared/Archive/reads/biomap/RNAseq/JGI.230715.ZeamayEProfiling_4/9162.4.124121.ACCCAG.fastq.gz	60262212	300
bm320	Root	Mo17xB73		1	TRUE	FALSE	Mo17	B73	/home/hirschc1/shared/Archive/reads/biomap/RNAseq/JGI.230715.ZeamayEProfiling_4/9162.4.124121.ACCGGC.fastq.gz	74668784	300
bm321	Root	Mo17xOh43		1	TRUE	FALSE	Mo17	Oh43	/home/hirschc1/shared/Archive/reads/biomap/RNAseq/JGI.230715.ZeamayEProfiling_4/9162.4.124121.ACGATA.fastq.gz	64240520	300
bm322	Root	Mo17xPH207		1	TRUE	FALSE	Mo17	PH207	/home/hirschc1/shared/Archive/reads/biomap/RNAseq/JGI.230715.ZeamayEProfiling_4/9162.4.124121.ACTCTC.fastq.gz	62579844	300
bm323	Root	Mo17xPHG29		1	TRUE	FALSE	Mo17	PHG29	/home/hirschc1/shared/Archive/reads/biomap/RNAseq/JGI.230715.ZeamayEProfiling_4/9162.4.124121.AGAAGA.fastq.gz	62507982	300
bm324	Root	Mo44xB73		1	TRUE	FALSE	Mo44	B73	/home/hirschc1/shared/Archive/reads/biomap/RNAseq/JGI.230715.ZeamayEProfiling_4/9162.5.124128.AGATAG.fastq.gz	62051114	300
bm325	Root	Mo44xMo17		1	TRUE	FALSE	Mo44	Mo17	/home/hirschc1/shared/Archive/reads/biomap/RNAseq/JGI.230715.ZeamayEProfiling_4/9162.5.124128.AGCATC.fastq.gz	73179956	300
bm326	Root	Mo45xB73		1	TRUE	FALSE	Mo45	B73	/home/hirschc1/shared/Archive/reads/biomap/RNAseq/JGI.230715.ZeamayEProfiling_4/9162.5.124128.AGCGCT.fastq.gz	64979032	300
bm327	Root	Mo45xMo17		1	TRUE	FALSE	Mo45	Mo17	/home/hirschc1/shared/Archive/reads/biomap/RNAseq/JGI.230715.ZeamayEProfiling_4/9162.5.124128.AGGCCG.fastq.gz	67356584	300
bm328	Root	MoGxB73		1	TRUE	FALSE	MoG	B73	/home/hirschc1/shared/Archive/reads/biomap/RNAseq/JGI.230715.ZeamayEProfiling_4/9162.5.124128.ATACGG.fastq.gz	65915694	300
bm329	Root	MoGxMo17		1	TRUE	FALSE	MoG	Mo17	/home/hirschc1/shared/Archive/reads/biomap/RNAseq/JGI.230715.ZeamayEProfiling_4/9162.5.124128.ATCCTA.fastq.gz	68355522	300
bm330	Root	NKH8431xB73		1	TRUE	FALSE	NKH8431	B73	/home/hirschc1/shared/Archive/reads/biomap/RNAseq/JGI.230715.ZeamayEProfiling_4/9162.6.124135.ATCTAT.fastq.gz	56203326	300
bm331	Root	NKS8326xB73		1	TRUE	FALSE	NKS8326	B73	/home/hirschc1/shared/Archive/reads/biomap/RNAseq/JGI.230715.ZeamayEProfiling_4/9162.6.124135.CCACGC.fastq.gz	63571960	300
bm332	Root	NKS8326xMo17		1	TRUE	FALSE	NKS8326	Mo17	/home/hirschc1/shared/Archive/reads/biomap/RNAseq/JGI.230715.ZeamayEProfiling_4/9162.6.124135.CCCATG.fastq.gz	66910234	300
bm333	Root	Oh43xB73		1	TRUE	FALSE	Oh43	B73	/home/hirschc1/shared/Archive/reads/biomap/RNAseq/JGI.230715.ZeamayEProfiling_4/9162.6.124135.CCGCAA.fastq.gz	62507942	300
bm334	Root	PH207xB73		1	TRUE	FALSE	PH207	B73	/home/hirschc1/shared/Archive/reads/biomap/RNAseq/JGI.230715.ZeamayEProfiling_4/9162.6.124135.CCTTAG.fastq.gz	65213288	300
bm335	Root	PHB47xB73		1	TRUE	FALSE	PHB47	B73	/home/hirschc1/shared/Archive/reads/biomap/RNAseq/JGI.230715.ZeamayEProfiling_4/9162.6.124135.CGAGAA.fastq.gz	76234106	300
bm336	Root	PHB47xMo17		1	TRUE	FALSE	PHB47	Mo17	/home/hirschc1/shared/Archive/reads/biomap/RNAseq/JGI.230715.ZeamayEProfiling_4/9162.7.124142.CTGCTG.fastq.gz	53415376	300
bm337	Root	PHG29xB73		1	TRUE	FALSE	PHG29	B73	/home/hirschc1/shared/Archive/reads/biomap/RNAseq/JGI.230715.ZeamayEProfiling_4/9162.7.124142.GAAACC.fastq.gz	62675038	300
bm338	Root	PHG35xB73		1	TRUE	FALSE	PHG35	B73	/home/hirschc1/shared/Archive/reads/biomap/RNAseq/JGI.230715.ZeamayEProfiling_4/9162.7.124142.GAATAA.fastq.gz	60804364	300
bm339	Root	PHG35xMo17		1	TRUE	FALSE	PHG35	Mo17	/home/hirschc1/shared/Archive/reads/biomap/RNAseq/JGI.230715.ZeamayEProfiling_4/9162.7.124142.GACGGA.fastq.gz	58817910	300
bm340	Root	PHG39xB73		1	TRUE	FALSE	PHG39	B73	/home/hirschc1/shared/Archive/reads/biomap/RNAseq/JGI.230715.ZeamayEProfiling_4/9162.7.124142.GATATA.fastq.gz	70988828	300
bm341	Root	PHG39xMo17		1	TRUE	FALSE	PHG39	Mo17	/home/hirschc1/shared/Archive/reads/biomap/RNAseq/JGI.230715.ZeamayEProfiling_4/9162.7.124142.GATGCT.fastq.gz	65297872	300
bm342	Root	PHG47xB73		1	TRUE	FALSE	PHG47	B73	/home/hirschc1/shared/Archive/reads/biomap/RNAseq/JGI.230715.ZeamayEProfiling_4/9162.8.124149.GCAAGG.fastq.gz	61551240	300
bm343	Root	PHG50xB73		1	TRUE	FALSE	PHG50	B73	/home/hirschc1/shared/Archive/reads/biomap/RNAseq/JGI.230715.ZeamayEProfiling_4/9162.8.124149.GCACTT.fastq.gz	65304150	300
bm344	Root	PHG50xMo17		1	TRUE	FALSE	PHG50	Mo17	/home/hirschc1/shared/Archive/reads/biomap/RNAseq/JGI.230715.ZeamayEProfiling_4/9162.8.124149.GCCTTA.fastq.gz	60587640	300
bm345	Root	PHG72xB73		1	TRUE	FALSE	PHG72	B73	/home/hirschc1/shared/Archive/reads/biomap/RNAseq/JGI.230715.ZeamayEProfiling_4/9162.8.124149.GCTCCA.fastq.gz	68889076	300
bm346	Root	PHJ40xB73		1	TRUE	FALSE	PHJ40	B73	/home/hirschc1/shared/Archive/reads/biomap/RNAseq/JGI.230715.ZeamayEProfiling_4/9162.8.124149.GGCACA.fastq.gz	60107340	300
bm347	Root	PHJ40xMo17		1	TRUE	FALSE	PHJ40	Mo17	/home/hirschc1/shared/Archive/reads/biomap/RNAseq/JGI.230715.ZeamayEProfiling_4/9162.8.124149.GGCCTG.fastq.gz	74788306	300
bm348	Root	PHN11xB73		1	TRUE	FALSE	PHN11	B73	/home/hirschc1/shared/Archive/reads/biomap/RNAseq/JGI.230715.ZeamayEProfiling_4/9179.7.124642.TGAATG.fastq.gz	83138362	300
bm349	Root	PHN11xMo17		1	TRUE	FALSE	PHN11	Mo17	/home/hirschc1/shared/Archive/reads/biomap/RNAseq/JGI.230715.ZeamayEProfiling_4/9179.7.124642.TGCCAT.fastq.gz	64455040	300
bm350	Root	PHW65xB73		1	TRUE	FALSE	PHW65	B73	/home/hirschc1/shared/Archive/reads/biomap/RNAseq/JGI.230715.ZeamayEProfiling_4/9179.7.124642.TGCTGG.fastq.gz	66805044	300
bm351	Root	PHW65xMo17		1	TRUE	FALSE	PHW65	Mo17	/home/hirschc1/shared/Archive/reads/biomap/RNAseq/JGI.230715.ZeamayEProfiling_4/9179.7.124642.TGGCGC.fastq.gz	66739446	300
bm352	Root	Q381xB73		1	TRUE	FALSE	Q381	B73	/home/hirschc1/shared/Archive/reads/biomap/RNAseq/JGI.230715.ZeamayEProfiling_4/9179.7.124642.TTCGAA.fastq.gz	69771072	300
bm353	Root	W64AxB73		1	TRUE	FALSE	W64A	B73	/home/hirschc1/shared/Archive/reads/biomap/RNAseq/JGI.230715.ZeamayEProfiling_4/9179.7.124642.TTCTCC.fastq.gz	65278036	300
bm354	Root	W64AxMo17		1	TRUE	FALSE	W64A	Mo17	/home/hirschc1/shared/Archive/reads/biomap/RNAseq/JGI.230715.ZeamayEProfiling_4/9200.1.125111.CGATGT.fastq.gz	72442564	300
bm355	Shoot	DKFAPWxB73		1	TRUE	FALSE	DKFAPW	B73	/home/hirschc1/shared/Archive/reads/biomap/RNAseq/JGI.230715.ZeamayEProfiling_4/9200.1.125111.TTAGGC.fastq.gz	75148844	300
bm356	Shoot	H99xB73		1	TRUE	FALSE	H99	B73	/home/hirschc1/shared/Archive/reads/biomap/RNAseq/JGI.230715.ZeamayEProfiling_4/9200.1.125111.TGACCA.fastq.gz	74925362	300
bm357	Shoot	LH123HTxMo17		1	TRUE	FALSE	LH123HT	Mo17	/home/hirschc1/shared/Archive/reads/biomap/RNAseq/JGI.230715.ZeamayEProfiling_4/9200.1.125111.ACAGTG.fastq.gz	71572474	300
bm358	Shoot	LH156xB73		1	TRUE	FALSE	LH156	B73	/home/hirschc1/shared/Archive/reads/biomap/RNAseq/JGI.230715.ZeamayEProfiling_4/9200.1.125111.GCCAAT.fastq.gz	66974552	300
bm359	Shoot	Mo17xOh43		1	TRUE	FALSE	Mo17	Oh43	/home/hirschc1/shared/Archive/reads/biomap/RNAseq/JGI.230715.ZeamayEProfiling_4/9200.1.125111.CAGATC.fastq.gz	64702228	300
bm360	Shoot	Mo17xPHG29		1	TRUE	FALSE	Mo17	PHG29	/home/hirschc1/shared/Archive/reads/biomap/RNAseq/JGI.230715.ZeamayEProfiling_4/9200.2.125118.GATCAG.fastq.gz	58007416	300
bm361	Shoot	Mo44xMo17		1	TRUE	FALSE	Mo44	Mo17	/home/hirschc1/shared/Archive/reads/biomap/RNAseq/JGI.230715.ZeamayEProfiling_4/9200.2.125118.TAGCTT.fastq.gz	63995980	300
bm362	Shoot	MoGxMo17		1	TRUE	FALSE	MoG	Mo17	/home/hirschc1/shared/Archive/reads/biomap/RNAseq/JGI.230715.ZeamayEProfiling_4/9200.2.125118.GGCTAC.fastq.gz	54882544	300
bm363	Shoot	PHB47xMo17		1	TRUE	FALSE	PHB47	Mo17	/home/hirschc1/shared/Archive/reads/biomap/RNAseq/JGI.230715.ZeamayEProfiling_4/9200.2.125118.CTTGTA.fastq.gz	57925720	300
bm364	Shoot	PHG35xMo17		1	TRUE	FALSE	PHG35	Mo17	/home/hirschc1/shared/Archive/reads/biomap/RNAseq/JGI.230715.ZeamayEProfiling_4/9200.2.125118.AGTCAA.fastq.gz	60245406	300
bm365	Shoot	PHG39xMo17		1	TRUE	FALSE	PHG39	Mo17	/home/hirschc1/shared/Archive/reads/biomap/RNAseq/JGI.230715.ZeamayEProfiling_4/9200.2.125118.AGTTCC.fastq.gz	59859448	300
bm366	Shoot	PHG50xB73		1	TRUE	FALSE	PHG50	B73	/home/hirschc1/shared/Archive/reads/biomap/RNAseq/JGI.230715.ZeamayEProfiling_4/9200.3.125125.ATGTCA.fastq.gz	61742900	300
bm367	Shoot	PHW65xB73		1	TRUE	FALSE	PHW65	B73	/home/hirschc1/shared/Archive/reads/biomap/RNAseq/JGI.230715.ZeamayEProfiling_4/9200.3.125125.CCGTCC.fastq.gz	69381770	300
bm368	Shoot	PHW65xMo17		1	TRUE	FALSE	PHW65	Mo17	/home/hirschc1/shared/Archive/reads/biomap/RNAseq/JGI.230715.ZeamayEProfiling_4/9200.3.125125.GTAGAG.fastq.gz	54484574	300
bm369	Shoot	Q381xB73		1	TRUE	FALSE	Q381	B73	/home/hirschc1/shared/Archive/reads/biomap/RNAseq/JGI.230715.ZeamayEProfiling_4/9200.3.125125.GTCCGC.fastq.gz	66161608	300
bm370	Shoot	W64AxMo17		1	TRUE	FALSE	W64A	Mo17	/home/hirschc1/shared/Archive/reads/biomap/RNAseq/JGI.230715.ZeamayEProfiling_4/9200.3.125125.GTGAAA.fastq.gz	72889538	300
bm371	Endosperm	B73xPH207		1	TRUE	FALSE	B73	PH207	/home/hirschc1/shared/Archive/reads/biomap/RNAseq/JGI.230715.ZeamayEProfiling_4/9200.3.125125.GTGGCC.fastq.gz	57076934	300
bm372	Endosperm	NC230xPH207		1	TRUE	FALSE	NC230	PH207	/home/hirschc1/shared/Archive/reads/biomap/RNAseq/JGI.230715.ZeamayEProfiling_4/9200.4.125132.GTTTCG.fastq.gz	58231092	300
bm373	Internode	Mo45xMo17		1	TRUE	FALSE	Mo45	Mo17	/home/hirschc1/shared/Archive/reads/biomap/RNAseq/JGI.230715.ZeamayEProfiling_4/9200.4.125132.CGTACG.fastq.gz	63489848	300
bm374	Shoot	NKS8326xMo17		1	TRUE	FALSE	NKS8326	Mo17	/home/hirschc1/shared/Archive/reads/biomap/RNAseq/JGI.230715.ZeamayEProfiling_4/9200.4.125132.GAGTGG.fastq.gz	61302994	300
bm375	Shoot	PHJ40xB73		1	TRUE	FALSE	PHJ40	B73	/home/hirschc1/shared/Archive/reads/biomap/RNAseq/JGI.230715.ZeamayEProfiling_4/9200.4.125132.GGTAGC.fastq.gz	56409424	300
bm376	Endosperm	MoGxB73		1	TRUE	FALSE	MoG	B73	/home/hirschc1/shared/Archive/reads/biomap/RNAseq/JGI.230715.ZeamayEProfiling_4/9200.4.125132.ACTGAT.fastq.gz	69663816	300
bm377	Endosperm	PHG39xPH207		1	TRUE	FALSE	PHG39	PH207	/home/hirschc1/shared/Archive/reads/biomap/RNAseq/JGI.230715.ZeamayEProfiling_4/9200.4.125132.ATGAGC.fastq.gz	58475910	300
bm378	Internode	LH85xB73		1	TRUE	FALSE	LH85	B73	/home/hirschc1/shared/Archive/reads/biomap/RNAseq/JGI.230715.ZeamayEProfiling_4/9200.5.125139.ATTCCT.fastq.gz	64601090	300
bm379	Shoot	PHG50xMo17		1	TRUE	FALSE	PHG50	Mo17	/home/hirschc1/shared/Archive/reads/biomap/RNAseq/JGI.230715.ZeamayEProfiling_4/9200.5.125139.CAAAAG.fastq.gz	86799582	300
bm380	Endosperm	Mo45xMo17		1	TRUE	FALSE	Mo45	Mo17	/home/hirschc1/shared/Archive/reads/biomap/RNAseq/JGI.230715.ZeamayEProfiling_4/9200.5.125139.CAACTA.fastq.gz	59936434	300
bm381	Endosperm	B84xB73		1	TRUE	FALSE	B84	B73	/home/hirschc1/shared/Archive/reads/biomap/RNAseq/JGI.230715.ZeamayEProfiling_4/9200.5.125139.CACCGG.fastq.gz	63332080	300
bm382	Endosperm	DKFAPWxPH207		1	TRUE	FALSE	DKFAPW	PH207	/home/hirschc1/shared/Archive/reads/biomap/RNAseq/JGI.230715.ZeamayEProfiling_4/9200.5.125139.CACGAT.fastq.gz	67628722	300
bm383	Endosperm	LH123HTxMo17		1	TRUE	FALSE	LH123HT	Mo17	/home/hirschc1/shared/Archive/reads/biomap/RNAseq/JGI.230715.ZeamayEProfiling_4/9200.5.125139.CACTCA.fastq.gz	78995488	300
bm384	Endosperm	Mo17xPH207		1	TRUE	FALSE	Mo17	PH207	/home/hirschc1/shared/Archive/reads/biomap/RNAseq/JGI.230715.ZeamayEProfiling_4/9200.6.125146.CAGGCG.fastq.gz	58083804	300
bm385	Endosperm	MoGxMo17		1	TRUE	FALSE	MoG	Mo17	/home/hirschc1/shared/Archive/reads/biomap/RNAseq/JGI.230715.ZeamayEProfiling_4/9200.6.125146.CATGGC.fastq.gz	71440788	300
bm386	Endosperm	Ny821xMo17		1	TRUE	FALSE	Ny821	Mo17	/home/hirschc1/shared/Archive/reads/biomap/RNAseq/JGI.230715.ZeamayEProfiling_4/9200.6.125146.CATTTT.fastq.gz	64400594	300
bm387	Endosperm	Oh43xB73		1	TRUE	FALSE	Oh43	B73	/home/hirschc1/shared/Archive/reads/biomap/RNAseq/JGI.230715.ZeamayEProfiling_4/9200.6.125146.CCAACA.fastq.gz	61605110	300
bm388	Endosperm	Oh43xMo17		1	TRUE	FALSE	Oh43	Mo17	/home/hirschc1/shared/Archive/reads/biomap/RNAseq/JGI.230715.ZeamayEProfiling_4/9200.6.125146.CGGAAT.fastq.gz	57246772	300
bm389	Endosperm	PHG35xB73		1	TRUE	FALSE	PHG35	B73	/home/hirschc1/shared/Archive/reads/biomap/RNAseq/JGI.230715.ZeamayEProfiling_4/9200.6.125146.CTAGCT.fastq.gz	71869870	300
bm390	Endosperm	PHG50xB73		1	TRUE	FALSE	PHG50	B73	/home/hirschc1/shared/Archive/reads/biomap/RNAseq/JGI.230715.ZeamayEProfiling_4/9200.7.125153.CTATAC.fastq.gz	64301842	300
bm391	Endosperm	PHG50xMo17		1	TRUE	FALSE	PHG50	Mo17	/home/hirschc1/shared/Archive/reads/biomap/RNAseq/JGI.230715.ZeamayEProfiling_4/9200.7.125153.CTCAGA.fastq.gz	80661720	300
bm392	Endosperm	PHG83xMo17		1	TRUE	FALSE	PHG83	Mo17	/home/hirschc1/shared/Archive/reads/biomap/RNAseq/JGI.230715.ZeamayEProfiling_4/9200.7.125153.GACGAC.fastq.gz	87643054	300
bm393	Endosperm	PHJ40xB73		1	TRUE	FALSE	PHJ40	B73	/home/hirschc1/shared/Archive/reads/biomap/RNAseq/JGI.230715.ZeamayEProfiling_4/9200.7.125153.TAATCG.fastq.gz	63471766	300
bm394	Endosperm	PHJ40xMo17		1	TRUE	FALSE	PHJ40	Mo17	/home/hirschc1/shared/Archive/reads/biomap/RNAseq/JGI.230715.ZeamayEProfiling_4/9200.7.125153.TACAGC.fastq.gz	60953296	300
bm395	Endosperm	W64AxB73		1	TRUE	FALSE	W64A	B73	/home/hirschc1/shared/Archive/reads/biomap/RNAseq/JGI.230715.ZeamayEProfiling_4/9200.7.125153.TATAAT.fastq.gz	61099330	300
bm396	Endosperm	W64AxMo17		1	TRUE	FALSE	W64A	Mo17	/home/hirschc1/shared/Archive/reads/biomap/RNAseq/JGI.230715.ZeamayEProfiling_4/9172.1.124707.TCATTC.fastq.gz	64868076	300
bm397	Internode	B84xB73		1	TRUE	FALSE	B84	B73	/home/hirschc1/shared/Archive/reads/biomap/RNAseq/JGI.230715.ZeamayEProfiling_4/9172.1.124707.TCCCGA.fastq.gz	62403418	300
bm398	Internode	B84xMo17		1	TRUE	FALSE	B84	Mo17	/home/hirschc1/shared/Archive/reads/biomap/RNAseq/JGI.230715.ZeamayEProfiling_4/9172.1.124707.TCGAAG.fastq.gz	61608958	300
bm399	Internode	DKFAPWxB73		1	TRUE	FALSE	DKFAPW	B73	/home/hirschc1/shared/Archive/reads/biomap/RNAseq/JGI.230715.ZeamayEProfiling_4/9172.1.124707.TCGGCA.fastq.gz	65917230	300
bm400	Internode	DKFAPWxMo17		1	TRUE	FALSE	DKFAPW	Mo17	/home/hirschc1/shared/Archive/reads/biomap/RNAseq/JGI.230715.ZeamayEProfiling_4/9172.1.124707.AAACAT.fastq.gz	54458420	300
bm401	Internode	H99xMo17		1	TRUE	FALSE	H99	Mo17	/home/hirschc1/shared/Archive/reads/biomap/RNAseq/JGI.230715.ZeamayEProfiling_4/9172.1.124707.AAAGCA.fastq.gz	61252406	300
bm402	Internode	LH123HTxMo17		1	TRUE	FALSE	LH123HT	Mo17	/home/hirschc1/shared/Archive/reads/biomap/RNAseq/JGI.230715.ZeamayEProfiling_4/9172.2.124714.AAATGC.fastq.gz	58808284	300
bm403	Internode	LH145xB73		1	TRUE	FALSE	LH145	B73	/home/hirschc1/shared/Archive/reads/biomap/RNAseq/JGI.230715.ZeamayEProfiling_4/9172.2.124714.AACAAA.fastq.gz	61833594	300
bm404	Internode	LH93xB73		1	TRUE	FALSE	LH93	B73	/home/hirschc1/shared/Archive/reads/biomap/RNAseq/JGI.230715.ZeamayEProfiling_4/9172.2.124714.AACTTG.fastq.gz	61411818	300
bm405	Internode	Mo17xB73		1	TRUE	FALSE	Mo17	B73	/home/hirschc1/shared/Archive/reads/biomap/RNAseq/JGI.230715.ZeamayEProfiling_4/9172.2.124714.AAGACT.fastq.gz	57965148	300
bm406	Internode	Mo17xPH207		1	TRUE	FALSE	Mo17	PH207	/home/hirschc1/shared/Archive/reads/biomap/RNAseq/JGI.230715.ZeamayEProfiling_4/9172.2.124714.AAGCGA.fastq.gz	63313178	300
bm407	Internode	Mo17xPHG29		1	TRUE	FALSE	Mo17	PHG29	/home/hirschc1/shared/Archive/reads/biomap/RNAseq/JGI.230715.ZeamayEProfiling_4/9172.2.124714.AAGGAC.fastq.gz	56502678	300
bm408	Internode	Mo44xMo17		1	TRUE	FALSE	Mo44	Mo17	/home/hirschc1/shared/Archive/reads/biomap/RNAseq/JGI.230715.ZeamayEProfiling_4/9172.3.124721.AATAGG.fastq.gz	61472464	300
bm409	Internode	Mo45xB73		1	TRUE	FALSE	Mo45	B73	/home/hirschc1/shared/Archive/reads/biomap/RNAseq/JGI.230715.ZeamayEProfiling_4/9172.3.124721.ACAAAC.fastq.gz	64044158	300
bm410	Internode	MoGxB73		1	TRUE	FALSE	MoG	B73	/home/hirschc1/shared/Archive/reads/biomap/RNAseq/JGI.230715.ZeamayEProfiling_4/9172.3.124721.ACATCT.fastq.gz	63797332	300
bm411	Internode	MoGxMo17		1	TRUE	FALSE	MoG	Mo17	/home/hirschc1/shared/Archive/reads/biomap/RNAseq/JGI.230715.ZeamayEProfiling_4/9172.3.124721.ACCCAG.fastq.gz	60126990	300
bm412	Internode	NKH8431xB73		1	TRUE	FALSE	NKH8431	B73	/home/hirschc1/shared/Archive/reads/biomap/RNAseq/JGI.230715.ZeamayEProfiling_4/9172.3.124721.ACCGGC.fastq.gz	69185170	300
bm413	Internode	NKS8326xB73		1	TRUE	FALSE	NKS8326	B73	/home/hirschc1/shared/Archive/reads/biomap/RNAseq/JGI.230715.ZeamayEProfiling_4/9172.3.124721.ACGATA.fastq.gz	52960746	300
bm414	Internode	NKS8326xMo17		1	TRUE	FALSE	NKS8326	Mo17	/home/hirschc1/shared/Archive/reads/biomap/RNAseq/JGI.230715.ZeamayEProfiling_4/9172.4.124728.ACTCTC.fastq.gz	59355884	300
bm415	Internode	Oh43xB73		1	TRUE	FALSE	Oh43	B73	/home/hirschc1/shared/Archive/reads/biomap/RNAseq/JGI.230715.ZeamayEProfiling_4/9172.4.124728.AGAAGA.fastq.gz	55022168	300
bm416	Internode	PHB47xB73		1	TRUE	FALSE	PHB47	B73	/home/hirschc1/shared/Archive/reads/biomap/RNAseq/JGI.230715.ZeamayEProfiling_4/9172.4.124728.AGATAG.fastq.gz	53532136	300
bm417	Internode	PHB47xMo17		1	TRUE	FALSE	PHB47	Mo17	/home/hirschc1/shared/Archive/reads/biomap/RNAseq/JGI.230715.ZeamayEProfiling_4/9172.4.124728.AGCATC.fastq.gz	73736270	300
bm418	Internode	PHG29xB73		1	TRUE	FALSE	PHG29	B73	/home/hirschc1/shared/Archive/reads/biomap/RNAseq/JGI.230715.ZeamayEProfiling_4/9172.4.124728.AGCGCT.fastq.gz	57719876	300
bm419	Internode	PHG35xB73		1	TRUE	FALSE	PHG35	B73	/home/hirschc1/shared/Archive/reads/biomap/RNAseq/JGI.230715.ZeamayEProfiling_4/9172.4.124728.AGGCCG.fastq.gz	59469116	300
bm420	Internode	PHG35xMo17		1	TRUE	FALSE	PHG35	Mo17	/home/hirschc1/shared/Archive/reads/biomap/RNAseq/JGI.230715.ZeamayEProfiling_4/9172.5.124735.ATACGG.fastq.gz	79896470	300
bm421	Internode	PHG39xB73		1	TRUE	FALSE	PHG39	B73	/home/hirschc1/shared/Archive/reads/biomap/RNAseq/JGI.230715.ZeamayEProfiling_4/9172.5.124735.ATCCTA.fastq.gz	69501498	300
bm422	Internode	PHG47xB73		1	TRUE	FALSE	PHG47	B73	/home/hirschc1/shared/Archive/reads/biomap/RNAseq/JGI.230715.ZeamayEProfiling_4/9172.5.124735.ATCTAT.fastq.gz	71901512	300
bm423	Internode	PHG47xMo17		1	TRUE	FALSE	PHG47	Mo17	/home/hirschc1/shared/Archive/reads/biomap/RNAseq/JGI.230715.ZeamayEProfiling_4/9172.5.124735.CCACGC.fastq.gz	70641120	300
bm424	Internode	PHG50xB73		1	TRUE	FALSE	PHG50	B73	/home/hirschc1/shared/Archive/reads/biomap/RNAseq/JGI.230715.ZeamayEProfiling_4/9172.5.124735.CCCATG.fastq.gz	66205126	300
bm425	Internode	PHG72xB73		1	TRUE	FALSE	PHG72	B73	/home/hirschc1/shared/Archive/reads/biomap/RNAseq/JGI.230715.ZeamayEProfiling_4/9172.6.124741.CCGCAA.fastq.gz	67544578	300
bm426	Internode	PHJ40xB73		1	TRUE	FALSE	PHJ40	B73	/home/hirschc1/shared/Archive/reads/biomap/RNAseq/JGI.230715.ZeamayEProfiling_4/9172.6.124741.CCTTAG.fastq.gz	73432670	300
bm427	Internode	PHJ40xMo17		1	TRUE	FALSE	PHJ40	Mo17	/home/hirschc1/shared/Archive/reads/biomap/RNAseq/JGI.230715.ZeamayEProfiling_4/9172.6.124741.CGAGAA.fastq.gz	67465812	300
bm428	Internode	PHN11xB73		1	TRUE	FALSE	PHN11	B73	/home/hirschc1/shared/Archive/reads/biomap/RNAseq/JGI.230715.ZeamayEProfiling_4/9172.6.124741.CTGCTG.fastq.gz	75503912	300
bm429	Internode	PHW65xB73		1	TRUE	FALSE	PHW65	B73	/home/hirschc1/shared/Archive/reads/biomap/RNAseq/JGI.230715.ZeamayEProfiling_4/9172.6.124741.GAAACC.fastq.gz	74435000	300
bm430	Internode	PHW65xMo17		1	TRUE	FALSE	PHW65	Mo17	/home/hirschc1/shared/Archive/reads/biomap/RNAseq/JGI.230715.ZeamayEProfiling_4/9172.7.124747.GAATAA.fastq.gz	62534434	300
bm431	Root	PHG47xMo17		1	TRUE	FALSE	PHG47	Mo17	/home/hirschc1/shared/Archive/reads/biomap/RNAseq/JGI.230715.ZeamayEProfiling_4/9172.7.124747.GATATA.fastq.gz	79071838	300
bm432	Shoot	B84xB73		1	TRUE	FALSE	B84	B73	/home/hirschc1/shared/Archive/reads/biomap/RNAseq/JGI.230715.ZeamayEProfiling_4/9172.7.124747.GATGCT.fastq.gz	70361338	300
bm433	Shoot	DKFAPWxMo17		1	TRUE	FALSE	DKFAPW	Mo17	/home/hirschc1/shared/Archive/reads/biomap/RNAseq/JGI.230715.ZeamayEProfiling_4/9172.7.124747.GCAAGG.fastq.gz	67170972	300
bm434	Shoot	H99xMo17		1	TRUE	FALSE	H99	Mo17	/home/hirschc1/shared/Archive/reads/biomap/RNAseq/JGI.230715.ZeamayEProfiling_4/9172.7.124747.GCACTT.fastq.gz	67107870	300
bm435	Shoot	LH123HTxB73		1	TRUE	FALSE	LH123HT	B73	/home/hirschc1/shared/Archive/reads/biomap/RNAseq/JGI.230715.ZeamayEProfiling_4/9172.8.124753.GCCTTA.fastq.gz	71100390	300
bm436	Shoot	LH145xB73		1	TRUE	FALSE	LH145	B73	/home/hirschc1/shared/Archive/reads/biomap/RNAseq/JGI.230715.ZeamayEProfiling_4/9172.8.124753.GCTCCA.fastq.gz	81506790	300
bm437	Shoot	LH156xMo17		1	TRUE	FALSE	LH156	Mo17	/home/hirschc1/shared/Archive/reads/biomap/RNAseq/JGI.230715.ZeamayEProfiling_4/9172.8.124753.GGCACA.fastq.gz	68219762	300
bm438	Shoot	LH85xB73		1	TRUE	FALSE	LH85	B73	/home/hirschc1/shared/Archive/reads/biomap/RNAseq/JGI.230715.ZeamayEProfiling_4/9172.8.124753.GGCCTG.fastq.gz	65661824	300
bm439	Shoot	LH93xB73		1	TRUE	FALSE	LH93	B73	/home/hirschc1/shared/Archive/reads/biomap/RNAseq/JGI.230715.ZeamayEProfiling_4/9163.1.124049.TTCTCC.fastq.gz	70764762	300
bm440	Shoot	LH93xMo17		1	TRUE	FALSE	LH93	Mo17	/home/hirschc1/shared/Archive/reads/biomap/RNAseq/JGI.230715.ZeamayEProfiling_4/9163.1.124049.TTCGAA.fastq.gz	82424414	300
bm441	Shoot	Mo17xB73		1	TRUE	FALSE	Mo17	B73	/home/hirschc1/shared/Archive/reads/biomap/RNAseq/JGI.230715.ZeamayEProfiling_4/9163.1.124049.TGGCGC.fastq.gz	71168692	300
bm442	Shoot	Mo17xPH207		1	TRUE	FALSE	Mo17	PH207	/home/hirschc1/shared/Archive/reads/biomap/RNAseq/JGI.230715.ZeamayEProfiling_4/9163.1.124049.TGCTGG.fastq.gz	56876730	300
bm443	Shoot	Mo44xB73		1	TRUE	FALSE	Mo44	B73	/home/hirschc1/shared/Archive/reads/biomap/RNAseq/JGI.230715.ZeamayEProfiling_4/9163.1.124049.TGCCAT.fastq.gz	63953488	300
bm444	Shoot	Mo45xB73		1	TRUE	FALSE	Mo45	B73	/home/hirschc1/shared/Archive/reads/biomap/RNAseq/JGI.230715.ZeamayEProfiling_4/9172.8.124753.TGAATG.fastq.gz	69928790	300
bm445	Shoot	Mo45xMo17		1	TRUE	FALSE	Mo45	Mo17	/home/hirschc1/shared/Archive/reads/biomap/RNAseq/JGI.230715.ZeamayEProfiling_4/9239.6.126054.CCGCAA.fastq.gz	57746294	300
bm446	Shoot	MoGxB73		1	TRUE	FALSE	MoG	B73	/home/hirschc1/shared/Archive/reads/biomap/RNAseq/JGI.230715.ZeamayEProfiling_4/9239.6.126054.CCTTAG.fastq.gz	60866832	300
bm447	Shoot	NKH8431xB73		1	TRUE	FALSE	NKH8431	B73	/home/hirschc1/shared/Archive/reads/biomap/RNAseq/JGI.230715.ZeamayEProfiling_4/9239.6.126054.CGAGAA.fastq.gz	50685618	300
bm448	Shoot	NKS8326xB73		1	TRUE	FALSE	NKS8326	B73	/home/hirschc1/shared/Archive/reads/biomap/RNAseq/JGI.230715.ZeamayEProfiling_4/9239.6.126054.CTGCTG.fastq.gz	62999858	300
bm449	Shoot	Oh43xB73		1	TRUE	FALSE	Oh43	B73	/home/hirschc1/shared/Archive/reads/biomap/RNAseq/JGI.230715.ZeamayEProfiling_4/9239.6.126054.GAAACC.fastq.gz	53665408	300
bm450	Shoot	PH207xB73		1	TRUE	FALSE	PH207	B73	/home/hirschc1/shared/Archive/reads/biomap/RNAseq/JGI.230715.ZeamayEProfiling_4/9239.6.126054.GAATAA.fastq.gz	64843484	300
bm451	Shoot	PHB47xB73		1	TRUE	FALSE	PHB47	B73	/home/hirschc1/shared/Archive/reads/biomap/RNAseq/JGI.230715.ZeamayEProfiling_4/9239.7.126061.GATATA.fastq.gz	55625222	300
bm452	Shoot	PHG29xB73		1	TRUE	FALSE	PHG29	B73	/home/hirschc1/shared/Archive/reads/biomap/RNAseq/JGI.230715.ZeamayEProfiling_4/9239.7.126061.GATGCT.fastq.gz	54593028	300
bm453	Shoot	PHG35xB73		1	TRUE	FALSE	PHG35	B73	/home/hirschc1/shared/Archive/reads/biomap/RNAseq/JGI.230715.ZeamayEProfiling_4/9239.7.126061.GCAAGG.fastq.gz	56478240	300
bm454	Shoot	PHG47xMo17		1	TRUE	FALSE	PHG47	Mo17	/home/hirschc1/shared/Archive/reads/biomap/RNAseq/JGI.230715.ZeamayEProfiling_4/9239.7.126061.GCACTT.fastq.gz	55806884	300
bm455	Shoot	PHG72xB73		1	TRUE	FALSE	PHG72	B73	/home/hirschc1/shared/Archive/reads/biomap/RNAseq/JGI.230715.ZeamayEProfiling_4/9239.7.126061.GCCTTA.fastq.gz	50755416	300
bm456	Shoot	PHJ40xMo17		1	TRUE	FALSE	PHJ40	Mo17	/home/hirschc1/shared/Archive/reads/biomap/RNAseq/JGI.230715.ZeamayEProfiling_4/9239.7.126061.GCTCCA.fastq.gz	54430552	300
bm457	Shoot	PHN11xMo17		1	TRUE	FALSE	PHN11	Mo17	/home/hirschc1/shared/Archive/reads/biomap/RNAseq/JGI.230715.ZeamayEProfiling_4/9235.2.125917.GGCACA.fastq.gz	63326854	300
bm458	Shoot	W64AxB73		1	TRUE	FALSE	W64A	B73	/home/hirschc1/shared/Archive/reads/biomap/RNAseq/JGI.230715.ZeamayEProfiling_4/9235.2.125917.GGCCTG.fastq.gz	57602676	300
bm459	Internode	LH93xMo17		1	TRUE	FALSE	LH93	Mo17	/home/hirschc1/shared/Archive/reads/biomap/RNAseq/JGI.230715.ZeamayEProfiling_4/9235.2.125917.TCTACC.fastq.gz	65061658	300
bm460	Internode	Mo44xB73		1	TRUE	FALSE	Mo44	B73	/home/hirschc1/shared/Archive/reads/biomap/RNAseq/JGI.230715.ZeamayEProfiling_4/9235.2.125917.TGAATG.fastq.gz	76719596	300
bm461	Internode	PH207xB73		1	TRUE	FALSE	PH207	B73	/home/hirschc1/shared/Archive/reads/biomap/RNAseq/JGI.230715.ZeamayEProfiling_4/9235.2.125917.TGCCAT.fastq.gz	62470514	300
bm462	Internode	PHG39xMo17		1	TRUE	FALSE	PHG39	Mo17	/home/hirschc1/shared/Archive/reads/biomap/RNAseq/JGI.230715.ZeamayEProfiling_4/9235.2.125917.TGCTGG.fastq.gz	61765194	300
bm463	Internode	PHG50xMo17		1	TRUE	FALSE	PHG50	Mo17	/home/hirschc1/shared/Archive/reads/biomap/RNAseq/JGI.230715.ZeamayEProfiling_4/9235.3.125924.TGGCGC.fastq.gz	68072992	300
bm464	Shoot	B84xMo17		1	TRUE	FALSE	B84	Mo17	/home/hirschc1/shared/Archive/reads/biomap/RNAseq/JGI.230715.ZeamayEProfiling_4/9235.3.125924.TTCGAA.fastq.gz	71005570	300
bm465	Shoot	PHG39xB73		1	TRUE	FALSE	PHG39	B73	/home/hirschc1/shared/Archive/reads/biomap/RNAseq/JGI.230715.ZeamayEProfiling_4/9235.3.125924.TTCTCC.fastq.gz	72665844	300
bm466	Shoot	PHN11xB73		1	TRUE	FALSE	PHN11	B73	/home/hirschc1/shared/Archive/reads/biomap/RNAseq/JGI.230715.ZeamayEProfiling_4/9235.3.125924.ATCTAT.fastq.gz	63966678	300
bm467	Internode	Mo17xOh43		1	TRUE	FALSE	Mo17	Oh43	/home/hirschc1/shared/Archive/reads/biomap/RNAseq/JGI.230715.ZeamayEProfiling_4/9235.3.125924.CCACGC.fastq.gz	72930906	300
