SampleID	Tissue	Genotype	Treatment	Replicate	paired	r1	r2	spots	avgLength
BR001	leaf	B73	blade_v12	1	TRUE	/home/springer/data_release/umgc/hiseq/170127_D00635_0197_ACAC47ANXX/Springer_Project_052_Run1_Redemux/briggs_pool1_18_Index2_S2_R1_001.fastq	/home/springer/data_release/umgc/hiseq/170127_D00635_0197_ACAC47ANXX/Springer_Project_052_Run1_Redemux/briggs_pool1_18_Index2_S2_R2_001.fastq	9456463	102
BR002	leaf	B73	blade_v12	2	TRUE	/home/springer/data_release/umgc/hiseq/170127_D00635_0197_ACAC47ANXX/Springer_Project_052_Run1_Redemux/briggs_pool1_18_Index1_S1_R1_001.fastq	/home/springer/data_release/umgc/hiseq/170127_D00635_0197_ACAC47ANXX/Springer_Project_052_Run1_Redemux/briggs_pool1_18_Index1_S1_R2_001.fastq	10614657	102
BR003	leaf	Mo17	blade_v12	1	TRUE	/home/springer/data_release/umgc/hiseq/170127_D00635_0197_ACAC47ANXX/Springer_Project_052_Run1_Redemux/briggs_pool1_18_Index4_S4_R1_001.fastq	/home/springer/data_release/umgc/hiseq/170127_D00635_0197_ACAC47ANXX/Springer_Project_052_Run1_Redemux/briggs_pool1_18_Index4_S4_R2_001.fastq	9456508	102
BR004	leaf	B73	blade_v12	3	TRUE	/home/springer/data_release/umgc/hiseq/170127_D00635_0197_ACAC47ANXX/Springer_Project_052_Run1_Redemux/briggs_pool1_18_Index3_S3_R1_001.fastq	/home/springer/data_release/umgc/hiseq/170127_D00635_0197_ACAC47ANXX/Springer_Project_052_Run1_Redemux/briggs_pool1_18_Index3_S3_R2_001.fastq	10983851	102
BR005	leaf	Mo17	blade_v12	2	TRUE	/home/springer/data_release/umgc/hiseq/170127_D00635_0197_ACAC47ANXX/Springer_Project_052_Run1_Redemux/briggs_pool1_18_Index5_S5_R1_001.fastq	/home/springer/data_release/umgc/hiseq/170127_D00635_0197_ACAC47ANXX/Springer_Project_052_Run1_Redemux/briggs_pool1_18_Index5_S5_R2_001.fastq	9878003	102
BR006	leaf	B73xMo17	blade_v12	1	TRUE	/home/springer/data_release/umgc/hiseq/170127_D00635_0197_ACAC47ANXX/Springer_Project_052_Run1_Redemux/briggs_pool1_18_Index8_S8_R1_001.fastq	/home/springer/data_release/umgc/hiseq/170127_D00635_0197_ACAC47ANXX/Springer_Project_052_Run1_Redemux/briggs_pool1_18_Index8_S8_R2_001.fastq	13109236	102
BR007	leaf	Mo17	blade_v12	3	TRUE	/home/springer/data_release/umgc/hiseq/170127_D00635_0197_ACAC47ANXX/Springer_Project_052_Run1_Redemux/briggs_pool1_18_Index6_S6_R1_001.fastq	/home/springer/data_release/umgc/hiseq/170127_D00635_0197_ACAC47ANXX/Springer_Project_052_Run1_Redemux/briggs_pool1_18_Index6_S6_R2_001.fastq	10136440	102
BR008	leaf	B73xMo17	blade_v12	2	TRUE	/home/springer/data_release/umgc/hiseq/170127_D00635_0197_ACAC47ANXX/Springer_Project_052_Run1_Redemux/briggs_pool1_18_Index9_S9_R1_001.fastq	/home/springer/data_release/umgc/hiseq/170127_D00635_0197_ACAC47ANXX/Springer_Project_052_Run1_Redemux/briggs_pool1_18_Index9_S9_R2_001.fastq	9958057	102
BR009	leaf	B73xMo17	blade_v12	3	TRUE	/home/springer/data_release/umgc/hiseq/170127_D00635_0197_ACAC47ANXX/Springer_Project_052_Run1_Redemux/briggs_pool1_18_Index7_S7_R1_001.fastq	/home/springer/data_release/umgc/hiseq/170127_D00635_0197_ACAC47ANXX/Springer_Project_052_Run1_Redemux/briggs_pool1_18_Index7_S7_R2_001.fastq	10368573	102
BR010	stem	B73	auricle_v12	1	TRUE	/home/springer/data_release/umgc/hiseq/170127_D00635_0197_ACAC47ANXX/Springer_Project_052_Run1_Redemux/briggs_pool1_18_Index10_S10_R1_001.fastq	/home/springer/data_release/umgc/hiseq/170127_D00635_0197_ACAC47ANXX/Springer_Project_052_Run1_Redemux/briggs_pool1_18_Index10_S10_R2_001.fastq	12161908	102
BR011	stem	B73	auricle_v12	2	TRUE	/home/springer/data_release/umgc/hiseq/170127_D00635_0197_ACAC47ANXX/Springer_Project_052_Run1_Redemux/briggs_pool1_18_Index12_S12_R1_001.fastq	/home/springer/data_release/umgc/hiseq/170127_D00635_0197_ACAC47ANXX/Springer_Project_052_Run1_Redemux/briggs_pool1_18_Index12_S12_R2_001.fastq	8756804	102
BR012	stem	B73	auricle_v12	3	TRUE	/home/springer/data_release/umgc/hiseq/170127_D00635_0197_ACAC47ANXX/Springer_Project_052_Run1_Redemux/briggs_pool1_18_Index11_S11_R1_001.fastq	/home/springer/data_release/umgc/hiseq/170127_D00635_0197_ACAC47ANXX/Springer_Project_052_Run1_Redemux/briggs_pool1_18_Index11_S11_R2_001.fastq	9205753	102
BR013	stem	Mo17	auricle_v12	1	TRUE	/home/springer/data_release/umgc/hiseq/170127_D00635_0197_ACAC47ANXX/Springer_Project_052_Run1_Redemux/briggs_pool1_18_Index13_S13_R1_001.fastq	/home/springer/data_release/umgc/hiseq/170127_D00635_0197_ACAC47ANXX/Springer_Project_052_Run1_Redemux/briggs_pool1_18_Index13_S13_R2_001.fastq	12629990	102
BR014	stem	Mo17	auricle_v12	2	TRUE	/home/springer/data_release/umgc/hiseq/170127_D00635_0197_ACAC47ANXX/Springer_Project_052_Run1_Redemux/briggs_pool1_18_Index20_S16_R1_001.fastq	/home/springer/data_release/umgc/hiseq/170127_D00635_0197_ACAC47ANXX/Springer_Project_052_Run1_Redemux/briggs_pool1_18_Index20_S16_R2_001.fastq	12106840	102
BR015	stem	Mo17	auricle_v12	3	TRUE	/home/springer/data_release/umgc/hiseq/170127_D00635_0197_ACAC47ANXX/Springer_Project_052_Run1_Redemux/briggs_pool1_18_Index14_S14_R1_001.fastq	/home/springer/data_release/umgc/hiseq/170127_D00635_0197_ACAC47ANXX/Springer_Project_052_Run1_Redemux/briggs_pool1_18_Index14_S14_R2_001.fastq	12789833	102
BR016	stem	B73xMo17	auricle_v12	1	TRUE	/home/springer/data_release/umgc/hiseq/170127_D00635_0197_ACAC47ANXX/Springer_Project_052_Run1_Redemux/briggs_pool1_18_Index21_S17_R1_001.fastq	/home/springer/data_release/umgc/hiseq/170127_D00635_0197_ACAC47ANXX/Springer_Project_052_Run1_Redemux/briggs_pool1_18_Index21_S17_R2_001.fastq	13001085	102
BR017	stem	B73xMo17	auricle_v12	2	TRUE	/home/springer/data_release/umgc/hiseq/170127_D00635_0197_ACAC47ANXX/Springer_Project_052_Run1_Redemux/briggs_pool1_18_Index15_S15_R1_001.fastq	/home/springer/data_release/umgc/hiseq/170127_D00635_0197_ACAC47ANXX/Springer_Project_052_Run1_Redemux/briggs_pool1_18_Index15_S15_R2_001.fastq	10302708	102
BR018	stem	B73xMo17	auricle_v12	3	TRUE	/home/springer/data_release/umgc/hiseq/170127_D00635_0197_ACAC47ANXX/Springer_Project_052_Run1_Redemux/briggs_pool1_18_Index22_S18_R1_001.fastq	/home/springer/data_release/umgc/hiseq/170127_D00635_0197_ACAC47ANXX/Springer_Project_052_Run1_Redemux/briggs_pool1_18_Index22_S18_R2_001.fastq	10717426	102
BR019	stem	B73	sheath_v12	1	TRUE	/home/springer/data_release/umgc/hiseq/170127_D00635_0197_ACAC47ANXX/Springer_Project_052_Run1_Redemux/briggs_pool2_18_index2_S20_R1_001.fastq	/home/springer/data_release/umgc/hiseq/170127_D00635_0197_ACAC47ANXX/Springer_Project_052_Run1_Redemux/briggs_pool2_18_index2_S20_R2_001.fastq	11363325	102
BR020	stem	B73	sheath_v12	2	TRUE	/home/springer/data_release/umgc/hiseq/170127_D00635_0197_ACAC47ANXX/Springer_Project_052_Run1_Redemux/briggs_pool2_18_index1_S19_R1_001.fastq	/home/springer/data_release/umgc/hiseq/170127_D00635_0197_ACAC47ANXX/Springer_Project_052_Run1_Redemux/briggs_pool2_18_index1_S19_R2_001.fastq	11653190	102
BR021	stem	B73	sheath_v12	3	TRUE	/home/springer/data_release/umgc/hiseq/170127_D00635_0197_ACAC47ANXX/Springer_Project_052_Run1_Redemux/briggs_pool2_18_index4_S22_R1_001.fastq	/home/springer/data_release/umgc/hiseq/170127_D00635_0197_ACAC47ANXX/Springer_Project_052_Run1_Redemux/briggs_pool2_18_index4_S22_R2_001.fastq	10397926	102
BR022	stem	Mo17	sheath_v12	1	TRUE	/home/springer/data_release/umgc/hiseq/170127_D00635_0197_ACAC47ANXX/Springer_Project_052_Run1_Redemux/briggs_pool2_18_index3_S21_R1_001.fastq	/home/springer/data_release/umgc/hiseq/170127_D00635_0197_ACAC47ANXX/Springer_Project_052_Run1_Redemux/briggs_pool2_18_index3_S21_R2_001.fastq	10300996	102
BR023	stem	Mo17	sheath_v12	2	TRUE	/home/springer/data_release/umgc/hiseq/170127_D00635_0197_ACAC47ANXX/Springer_Project_052_Run1_Redemux/briggs_pool2_18_index5_S23_R1_001.fastq	/home/springer/data_release/umgc/hiseq/170127_D00635_0197_ACAC47ANXX/Springer_Project_052_Run1_Redemux/briggs_pool2_18_index5_S23_R2_001.fastq	10610559	102
BR024	stem	Mo17	sheath_v12	3	TRUE	/home/springer/data_release/umgc/hiseq/170127_D00635_0197_ACAC47ANXX/Springer_Project_052_Run1_Redemux/briggs_pool2_18_index8_S26_R1_001.fastq	/home/springer/data_release/umgc/hiseq/170127_D00635_0197_ACAC47ANXX/Springer_Project_052_Run1_Redemux/briggs_pool2_18_index8_S26_R2_001.fastq	10818591	102
BR025	stem	B73xMo17	sheath_v12	1	TRUE	/home/springer/data_release/umgc/hiseq/170127_D00635_0197_ACAC47ANXX/Springer_Project_052_Run1_Redemux/briggs_pool2_18_index6_S24_R1_001.fastq	/home/springer/data_release/umgc/hiseq/170127_D00635_0197_ACAC47ANXX/Springer_Project_052_Run1_Redemux/briggs_pool2_18_index6_S24_R2_001.fastq	10460515	102
BR026	stem	B73xMo17	sheath_v12	2	TRUE	/home/springer/data_release/umgc/hiseq/170127_D00635_0197_ACAC47ANXX/Springer_Project_052_Run1_Redemux/briggs_pool2_18_index9_S27_R1_001.fastq	/home/springer/data_release/umgc/hiseq/170127_D00635_0197_ACAC47ANXX/Springer_Project_052_Run1_Redemux/briggs_pool2_18_index9_S27_R2_001.fastq	13454079	102
BR027	stem	B73xMo17	sheath_v12	3	TRUE	/home/springer/data_release/umgc/hiseq/170127_D00635_0197_ACAC47ANXX/Springer_Project_052_Run1_Redemux/briggs_pool2_18_index7_S25_R1_001.fastq	/home/springer/data_release/umgc/hiseq/170127_D00635_0197_ACAC47ANXX/Springer_Project_052_Run1_Redemux/briggs_pool2_18_index7_S25_R2_001.fastq	10947765	102
BR028	internode	B73	v12	1	TRUE	/home/springer/data_release/umgc/hiseq/170127_D00635_0197_ACAC47ANXX/Springer_Project_052_Run1_Redemux/briggs_pool2_18_index10_S28_R1_001.fastq	/home/springer/data_release/umgc/hiseq/170127_D00635_0197_ACAC47ANXX/Springer_Project_052_Run1_Redemux/briggs_pool2_18_index10_S28_R2_001.fastq	11704246	102
BR032	internode	Mo17	v12	1	TRUE	/home/springer/data_release/umgc/hiseq/170127_D00635_0197_ACAC47ANXX/Springer_Project_052_Run1_Redemux/briggs_pool2_18_index12_S30_R1_001.fastq	/home/springer/data_release/umgc/hiseq/170127_D00635_0197_ACAC47ANXX/Springer_Project_052_Run1_Redemux/briggs_pool2_18_index12_S30_R2_001.fastq	18897584	102
BR030	internode	B73	v12	2	TRUE	/home/springer/data_release/umgc/hiseq/170127_D00635_0197_ACAC47ANXX/Springer_Project_052_Run1_Redemux/briggs_pool2_18_index11_S29_R1_001.fastq	/home/springer/data_release/umgc/hiseq/170127_D00635_0197_ACAC47ANXX/Springer_Project_052_Run1_Redemux/briggs_pool2_18_index11_S29_R2_001.fastq	11511692	102
BR031	internode	Mo17	v12	2	TRUE	/home/springer/data_release/umgc/hiseq/170127_D00635_0197_ACAC47ANXX/Springer_Project_052_Run1_Redemux/briggs_pool2_18_index13_S31_R1_001.fastq	/home/springer/data_release/umgc/hiseq/170127_D00635_0197_ACAC47ANXX/Springer_Project_052_Run1_Redemux/briggs_pool2_18_index13_S31_R2_001.fastq	11675275	102
BR029	internode	B73	v12	3	TRUE	/home/springer/data_release/umgc/hiseq/170127_D00635_0197_ACAC47ANXX/Springer_Project_052_Run1_Redemux/briggs_pool2_18_index20_S34_R1_001.fastq	/home/springer/data_release/umgc/hiseq/170127_D00635_0197_ACAC47ANXX/Springer_Project_052_Run1_Redemux/briggs_pool2_18_index20_S34_R2_001.fastq	7280863	102
BR033	internode	Mo17	v12	3	TRUE	/home/springer/data_release/umgc/hiseq/170127_D00635_0197_ACAC47ANXX/Springer_Project_052_Run1_Redemux/briggs_pool2_18_index14_S32_R1_001.fastq	/home/springer/data_release/umgc/hiseq/170127_D00635_0197_ACAC47ANXX/Springer_Project_052_Run1_Redemux/briggs_pool2_18_index14_S32_R2_001.fastq	11763511	102
BR034	internode	B73xMo17	v12	1	TRUE	/home/springer/data_release/umgc/hiseq/170127_D00635_0197_ACAC47ANXX/Springer_Project_052_Run1_Redemux/briggs_pool2_18_index21_S35_R1_001.fastq	/home/springer/data_release/umgc/hiseq/170127_D00635_0197_ACAC47ANXX/Springer_Project_052_Run1_Redemux/briggs_pool2_18_index21_S35_R2_001.fastq	11446013	102
BR035	internode	B73xMo17	v12	2	TRUE	/home/springer/data_release/umgc/hiseq/170127_D00635_0197_ACAC47ANXX/Springer_Project_052_Run1_Redemux/briggs_pool2_18_index15_S33_R1_001.fastq	/home/springer/data_release/umgc/hiseq/170127_D00635_0197_ACAC47ANXX/Springer_Project_052_Run1_Redemux/briggs_pool2_18_index15_S33_R2_001.fastq	10813338	102
BR036	internode	B73xMo17	v12	3	TRUE	/home/springer/data_release/umgc/hiseq/170127_D00635_0197_ACAC47ANXX/Springer_Project_052_Run1_Redemux/briggs_pool2_18_index22_S36_R1_001.fastq	/home/springer/data_release/umgc/hiseq/170127_D00635_0197_ACAC47ANXX/Springer_Project_052_Run1_Redemux/briggs_pool2_18_index22_S36_R2_001.fastq	12185937	102
BR037	tassel	B73	v12	1	TRUE	/home/springer/data_release/umgc/hiseq/170127_D00635_0197_ACAC47ANXX/Springer_Project_052_Run1_Redemux/briggs_pool3_18_index2_S38_R1_001.fastq	/home/springer/data_release/umgc/hiseq/170127_D00635_0197_ACAC47ANXX/Springer_Project_052_Run1_Redemux/briggs_pool3_18_index2_S38_R2_001.fastq	11869598	102
BR038	tassel	B73	v12	2	TRUE	/home/springer/data_release/umgc/hiseq/170127_D00635_0197_ACAC47ANXX/Springer_Project_052_Run1_Redemux/briggs_pool3_18_index1_S37_R1_001.fastq	/home/springer/data_release/umgc/hiseq/170127_D00635_0197_ACAC47ANXX/Springer_Project_052_Run1_Redemux/briggs_pool3_18_index1_S37_R2_001.fastq	13057367	102
BR039	tassel	B73	v12	3	TRUE	/home/springer/data_release/umgc/hiseq/170127_D00635_0197_ACAC47ANXX/Springer_Project_052_Run1_Redemux/briggs_pool3_18_index4_S40_R1_001.fastq	/home/springer/data_release/umgc/hiseq/170127_D00635_0197_ACAC47ANXX/Springer_Project_052_Run1_Redemux/briggs_pool3_18_index4_S40_R2_001.fastq	11971434	102
BR040	tassel	Mo17	v12	1	TRUE	/home/springer/data_release/umgc/hiseq/170127_D00635_0197_ACAC47ANXX/Springer_Project_052_Run1_Redemux/briggs_pool3_18_index3_S39_R1_001.fastq	/home/springer/data_release/umgc/hiseq/170127_D00635_0197_ACAC47ANXX/Springer_Project_052_Run1_Redemux/briggs_pool3_18_index3_S39_R2_001.fastq	10198649	102
BR041	tassel	Mo17	v12	2	TRUE	/home/springer/data_release/umgc/hiseq/170127_D00635_0197_ACAC47ANXX/Springer_Project_052_Run1_Redemux/briggs_pool3_18_index5_S41_R1_001.fastq	/home/springer/data_release/umgc/hiseq/170127_D00635_0197_ACAC47ANXX/Springer_Project_052_Run1_Redemux/briggs_pool3_18_index5_S41_R2_001.fastq	9541534	102
BR042	tassel	Mo17	v12	3	TRUE	/home/springer/data_release/umgc/hiseq/170127_D00635_0197_ACAC47ANXX/Springer_Project_052_Run1_Redemux/briggs_pool3_18_index8_S44_R1_001.fastq	/home/springer/data_release/umgc/hiseq/170127_D00635_0197_ACAC47ANXX/Springer_Project_052_Run1_Redemux/briggs_pool3_18_index8_S44_R2_001.fastq	12122651	102
BR043	tassel	B73xMo17	v12	1	TRUE	/home/springer/data_release/umgc/hiseq/170127_D00635_0197_ACAC47ANXX/Springer_Project_052_Run1_Redemux/briggs_pool3_18_index6_S42_R1_001.fastq	/home/springer/data_release/umgc/hiseq/170127_D00635_0197_ACAC47ANXX/Springer_Project_052_Run1_Redemux/briggs_pool3_18_index6_S42_R2_001.fastq	11577660	102
BR044	tassel	B73xMo17	v12	2	TRUE	/home/springer/data_release/umgc/hiseq/170127_D00635_0197_ACAC47ANXX/Springer_Project_052_Run1_Redemux/briggs_pool3_18_index9_S45_R1_001.fastq	/home/springer/data_release/umgc/hiseq/170127_D00635_0197_ACAC47ANXX/Springer_Project_052_Run1_Redemux/briggs_pool3_18_index9_S45_R2_001.fastq	9209055	102
BR045	tassel	B73xMo17	v12	3	TRUE	/home/springer/data_release/umgc/hiseq/170127_D00635_0197_ACAC47ANXX/Springer_Project_052_Run1_Redemux/briggs_pool3_18_index7_S43_R1_001.fastq	/home/springer/data_release/umgc/hiseq/170127_D00635_0197_ACAC47ANXX/Springer_Project_052_Run1_Redemux/briggs_pool3_18_index7_S43_R2_001.fastq	11345207	102
BR046	ear	B73	v14	1	TRUE	/home/springer/data_release/umgc/hiseq/170127_D00635_0197_ACAC47ANXX/Springer_Project_052_Run1_Redemux/briggs_pool3_18_index10_S46_R1_001.fastq	/home/springer/data_release/umgc/hiseq/170127_D00635_0197_ACAC47ANXX/Springer_Project_052_Run1_Redemux/briggs_pool3_18_index10_S46_R2_001.fastq	10279754	102
BR047	ear	B73	v14	2	TRUE	/home/springer/data_release/umgc/hiseq/170127_D00635_0197_ACAC47ANXX/Springer_Project_052_Run1_Redemux/briggs_pool3_18_index12_S48_R1_001.fastq	/home/springer/data_release/umgc/hiseq/170127_D00635_0197_ACAC47ANXX/Springer_Project_052_Run1_Redemux/briggs_pool3_18_index12_S48_R2_001.fastq	10892889	102
BR048	ear	B73	v14	3	TRUE	/home/springer/data_release/umgc/hiseq/170127_D00635_0197_ACAC47ANXX/Springer_Project_052_Run1_Redemux/briggs_pool3_18_index11_S47_R1_001.fastq	/home/springer/data_release/umgc/hiseq/170127_D00635_0197_ACAC47ANXX/Springer_Project_052_Run1_Redemux/briggs_pool3_18_index11_S47_R2_001.fastq	10423251	102
BR049	ear	Mo17	v14	1	TRUE	/home/springer/data_release/umgc/hiseq/170127_D00635_0197_ACAC47ANXX/Springer_Project_052_Run1_Redemux/briggs_pool3_18_index13_S49_R1_001.fastq	/home/springer/data_release/umgc/hiseq/170127_D00635_0197_ACAC47ANXX/Springer_Project_052_Run1_Redemux/briggs_pool3_18_index13_S49_R2_001.fastq	11158750	102
BR050	ear	Mo17	v14	2	TRUE	/home/springer/data_release/umgc/hiseq/170127_D00635_0197_ACAC47ANXX/Springer_Project_052_Run1_Redemux/briggs_pool3_18_index20_S52_R1_001.fastq	/home/springer/data_release/umgc/hiseq/170127_D00635_0197_ACAC47ANXX/Springer_Project_052_Run1_Redemux/briggs_pool3_18_index20_S52_R2_001.fastq	10615140	102
BR051	ear	Mo17	v14	3	TRUE	/home/springer/data_release/umgc/hiseq/170127_D00635_0197_ACAC47ANXX/Springer_Project_052_Run1_Redemux/briggs_pool3_18_index14_S50_R1_001.fastq	/home/springer/data_release/umgc/hiseq/170127_D00635_0197_ACAC47ANXX/Springer_Project_052_Run1_Redemux/briggs_pool3_18_index14_S50_R2_001.fastq	10130338	102
BR052	ear	B73xMo17	v14	1	TRUE	/home/springer/data_release/umgc/hiseq/170127_D00635_0197_ACAC47ANXX/Springer_Project_052_Run1_Redemux/briggs_pool3_18_index21_S53_R1_001.fastq	/home/springer/data_release/umgc/hiseq/170127_D00635_0197_ACAC47ANXX/Springer_Project_052_Run1_Redemux/briggs_pool3_18_index21_S53_R2_001.fastq	9779316	102
BR053	ear	B73xMo17	v14	2	TRUE	/home/springer/data_release/umgc/hiseq/170127_D00635_0197_ACAC47ANXX/Springer_Project_052_Run1_Redemux/briggs_pool3_18_index15_S51_R1_001.fastq	/home/springer/data_release/umgc/hiseq/170127_D00635_0197_ACAC47ANXX/Springer_Project_052_Run1_Redemux/briggs_pool3_18_index15_S51_R2_001.fastq	10765471	102
BR054	ear	B73xMo17	v14	3	TRUE	/home/springer/data_release/umgc/hiseq/170127_D00635_0197_ACAC47ANXX/Springer_Project_052_Run1_Redemux/briggs_pool3_18_index22_S54_R1_001.fastq	/home/springer/data_release/umgc/hiseq/170127_D00635_0197_ACAC47ANXX/Springer_Project_052_Run1_Redemux/briggs_pool3_18_index22_S54_R2_001.fastq	10866113	102
BR055	silk	B73	0DAP	1	TRUE	/home/springer/data_release/umgc/hiseq/170127_D00635_0197_ACAC47ANXX/Springer_Project_052_Run1_Redemux/briggs_pool4_18_index2_S56_R1_001.fastq	/home/springer/data_release/umgc/hiseq/170127_D00635_0197_ACAC47ANXX/Springer_Project_052_Run1_Redemux/briggs_pool4_18_index2_S56_R2_001.fastq	10460214	102
BR056	silk	B73	0DAP	2	TRUE	/home/springer/data_release/umgc/hiseq/170127_D00635_0197_ACAC47ANXX/Springer_Project_052_Run1_Redemux/briggs_pool4_18_index1_S55_R1_001.fastq	/home/springer/data_release/umgc/hiseq/170127_D00635_0197_ACAC47ANXX/Springer_Project_052_Run1_Redemux/briggs_pool4_18_index1_S55_R2_001.fastq	10094098	102
BR057	silk	B73	0DAP	3	TRUE	/home/springer/data_release/umgc/hiseq/170127_D00635_0197_ACAC47ANXX/Springer_Project_052_Run1_Redemux/briggs_pool4_18_index4_S58_R1_001.fastq	/home/springer/data_release/umgc/hiseq/170127_D00635_0197_ACAC47ANXX/Springer_Project_052_Run1_Redemux/briggs_pool4_18_index4_S58_R2_001.fastq	9351362	102
BR058	silk	Mo17	0DAP	1	TRUE	/home/springer/data_release/umgc/hiseq/170127_D00635_0197_ACAC47ANXX/Springer_Project_052_Run1_Redemux/briggs_pool4_18_index3_S57_R1_001.fastq	/home/springer/data_release/umgc/hiseq/170127_D00635_0197_ACAC47ANXX/Springer_Project_052_Run1_Redemux/briggs_pool4_18_index3_S57_R2_001.fastq	9154814	102
BR059	silk	Mo17	0DAP	2	TRUE	/home/springer/data_release/umgc/hiseq/170127_D00635_0197_ACAC47ANXX/Springer_Project_052_Run1_Redemux/briggs_pool4_18_index5_S59_R1_001.fastq	/home/springer/data_release/umgc/hiseq/170127_D00635_0197_ACAC47ANXX/Springer_Project_052_Run1_Redemux/briggs_pool4_18_index5_S59_R2_001.fastq	9271623	102
BR060	silk	Mo17	0DAP	3	TRUE	/home/springer/data_release/umgc/hiseq/170127_D00635_0197_ACAC47ANXX/Springer_Project_052_Run1_Redemux/briggs_pool4_18_index8_S62_R1_001.fastq	/home/springer/data_release/umgc/hiseq/170127_D00635_0197_ACAC47ANXX/Springer_Project_052_Run1_Redemux/briggs_pool4_18_index8_S62_R2_001.fastq	8610999	102
BR061	silk	B73xMo17	0DAP	1	TRUE	/home/springer/data_release/umgc/hiseq/170127_D00635_0197_ACAC47ANXX/Springer_Project_052_Run1_Redemux/briggs_pool4_18_index6_S60_R1_001.fastq	/home/springer/data_release/umgc/hiseq/170127_D00635_0197_ACAC47ANXX/Springer_Project_052_Run1_Redemux/briggs_pool4_18_index6_S60_R2_001.fastq	12378233	102
BR062	silk	B73xMo17	0DAP	2	TRUE	/home/springer/data_release/umgc/hiseq/170127_D00635_0197_ACAC47ANXX/Springer_Project_052_Run1_Redemux/briggs_pool4_18_index9_S63_R1_001.fastq	/home/springer/data_release/umgc/hiseq/170127_D00635_0197_ACAC47ANXX/Springer_Project_052_Run1_Redemux/briggs_pool4_18_index9_S63_R2_001.fastq	11117019	102
BR063	silk	B73xMo17	0DAP	3	TRUE	/home/springer/data_release/umgc/hiseq/170127_D00635_0197_ACAC47ANXX/Springer_Project_052_Run1_Redemux/briggs_pool4_18_index7_S61_R1_001.fastq	/home/springer/data_release/umgc/hiseq/170127_D00635_0197_ACAC47ANXX/Springer_Project_052_Run1_Redemux/briggs_pool4_18_index7_S61_R2_001.fastq	12831768	102
BR064	spikelet	B73	0DAP	1	TRUE	/home/springer/data_release/umgc/hiseq/170127_D00635_0197_ACAC47ANXX/Springer_Project_052_Run1_Redemux/briggs_pool4_18_index10_S64_R1_001.fastq	/home/springer/data_release/umgc/hiseq/170127_D00635_0197_ACAC47ANXX/Springer_Project_052_Run1_Redemux/briggs_pool4_18_index10_S64_R2_001.fastq	12862409	102
BR065	spikelet	B73	0DAP	2	TRUE	/home/springer/data_release/umgc/hiseq/170127_D00635_0197_ACAC47ANXX/Springer_Project_052_Run1_Redemux/briggs_pool4_18_index12_S66_R1_001.fastq	/home/springer/data_release/umgc/hiseq/170127_D00635_0197_ACAC47ANXX/Springer_Project_052_Run1_Redemux/briggs_pool4_18_index12_S66_R2_001.fastq	13140565	102
BR066	spikelet	B73	0DAP	3	TRUE	/home/springer/data_release/umgc/hiseq/170127_D00635_0197_ACAC47ANXX/Springer_Project_052_Run1_Redemux/briggs_pool4_18_index11_S65_R1_001.fastq	/home/springer/data_release/umgc/hiseq/170127_D00635_0197_ACAC47ANXX/Springer_Project_052_Run1_Redemux/briggs_pool4_18_index11_S65_R2_001.fastq	12366130	102
BR067	spikelet	Mo17	0DAP	1	TRUE	/home/springer/data_release/umgc/hiseq/170127_D00635_0197_ACAC47ANXX/Springer_Project_052_Run1_Redemux/briggs_pool4_18_index13_S67_R1_001.fastq	/home/springer/data_release/umgc/hiseq/170127_D00635_0197_ACAC47ANXX/Springer_Project_052_Run1_Redemux/briggs_pool4_18_index13_S67_R2_001.fastq	12302995	102
BR068	spikelet	Mo17	0DAP	2	TRUE	/home/springer/data_release/umgc/hiseq/170127_D00635_0197_ACAC47ANXX/Springer_Project_052_Run1_Redemux/briggs_pool4_18_index20_S70_R1_001.fastq	/home/springer/data_release/umgc/hiseq/170127_D00635_0197_ACAC47ANXX/Springer_Project_052_Run1_Redemux/briggs_pool4_18_index20_S70_R2_001.fastq	12364997	102
BR069	spikelet	Mo17	0DAP	3	TRUE	/home/springer/data_release/umgc/hiseq/170127_D00635_0197_ACAC47ANXX/Springer_Project_052_Run1_Redemux/briggs_pool4_18_index14_S68_R1_001.fastq	/home/springer/data_release/umgc/hiseq/170127_D00635_0197_ACAC47ANXX/Springer_Project_052_Run1_Redemux/briggs_pool4_18_index14_S68_R2_001.fastq	12363396	102
BR070	spikelet	B73xMo17	0DAP	1	TRUE	/home/springer/data_release/umgc/hiseq/170127_D00635_0197_ACAC47ANXX/Springer_Project_052_Run1_Redemux/briggs_pool4_18_index21_S71_R1_001.fastq	/home/springer/data_release/umgc/hiseq/170127_D00635_0197_ACAC47ANXX/Springer_Project_052_Run1_Redemux/briggs_pool4_18_index21_S71_R2_001.fastq	10329056	102
BR071	spikelet	B73xMo17	0DAP	2	TRUE	/home/springer/data_release/umgc/hiseq/170127_D00635_0197_ACAC47ANXX/Springer_Project_052_Run1_Redemux/briggs_pool4_18_index15_S69_R1_001.fastq	/home/springer/data_release/umgc/hiseq/170127_D00635_0197_ACAC47ANXX/Springer_Project_052_Run1_Redemux/briggs_pool4_18_index15_S69_R2_001.fastq	12278485	102
BR072	spikelet	B73xMo17	0DAP	3	TRUE	/home/springer/data_release/umgc/hiseq/170127_D00635_0197_ACAC47ANXX/Springer_Project_052_Run1_Redemux/briggs_pool4_18_index22_S72_R1_001.fastq	/home/springer/data_release/umgc/hiseq/170127_D00635_0197_ACAC47ANXX/Springer_Project_052_Run1_Redemux/briggs_pool4_18_index22_S72_R2_001.fastq	12426693	102
BR073	stem	B73	husk_0DAP	1	TRUE	/home/springer/data_release/umgc/hiseq/170127_D00635_0197_ACAC47ANXX/Springer_Project_052_Run1_Redemux/briggs_pool5_18_index2_S74_R1_001.fastq	/home/springer/data_release/umgc/hiseq/170127_D00635_0197_ACAC47ANXX/Springer_Project_052_Run1_Redemux/briggs_pool5_18_index2_S74_R2_001.fastq	12468897	102
BR074	stem	B73	husk_0DAP	2	TRUE	/home/springer/data_release/umgc/hiseq/170127_D00635_0197_ACAC47ANXX/Springer_Project_052_Run1_Redemux/briggs_pool5_18_index1_S73_R1_001.fastq	/home/springer/data_release/umgc/hiseq/170127_D00635_0197_ACAC47ANXX/Springer_Project_052_Run1_Redemux/briggs_pool5_18_index1_S73_R2_001.fastq	11486069	102
BR075	stem	B73	husk_0DAP	3	TRUE	/home/springer/data_release/umgc/hiseq/170127_D00635_0197_ACAC47ANXX/Springer_Project_052_Run1_Redemux/briggs_pool5_18_index4_S76_R1_001.fastq	/home/springer/data_release/umgc/hiseq/170127_D00635_0197_ACAC47ANXX/Springer_Project_052_Run1_Redemux/briggs_pool5_18_index4_S76_R2_001.fastq	11705643	102
BR076	stem	Mo17	husk_0DAP	1	TRUE	/home/springer/data_release/umgc/hiseq/170127_D00635_0197_ACAC47ANXX/Springer_Project_052_Run1_Redemux/briggs_pool5_18_index3_S75_R1_001.fastq	/home/springer/data_release/umgc/hiseq/170127_D00635_0197_ACAC47ANXX/Springer_Project_052_Run1_Redemux/briggs_pool5_18_index3_S75_R2_001.fastq	12818182	102
BR077	stem	Mo17	husk_0DAP	2	TRUE	/home/springer/data_release/umgc/hiseq/170127_D00635_0197_ACAC47ANXX/Springer_Project_052_Run1_Redemux/briggs_pool5_18_index5_S77_R1_001.fastq	/home/springer/data_release/umgc/hiseq/170127_D00635_0197_ACAC47ANXX/Springer_Project_052_Run1_Redemux/briggs_pool5_18_index5_S77_R2_001.fastq	12761502	102
BR078	stem	Mo17	husk_0DAP	3	TRUE	/home/springer/data_release/umgc/hiseq/170127_D00635_0197_ACAC47ANXX/Springer_Project_052_Run1_Redemux/briggs_pool5_18_index8_S80_R1_001.fastq	/home/springer/data_release/umgc/hiseq/170127_D00635_0197_ACAC47ANXX/Springer_Project_052_Run1_Redemux/briggs_pool5_18_index8_S80_R2_001.fastq	12826901	102
BR079	stem	B73xMo17	husk_0DAP	1	TRUE	/home/springer/data_release/umgc/hiseq/170127_D00635_0197_ACAC47ANXX/Springer_Project_052_Run1_Redemux/briggs_pool5_18_index6_S78_R1_001.fastq	/home/springer/data_release/umgc/hiseq/170127_D00635_0197_ACAC47ANXX/Springer_Project_052_Run1_Redemux/briggs_pool5_18_index6_S78_R2_001.fastq	12503981	102
BR080	stem	B73xMo17	husk_0DAP	2	TRUE	/home/springer/data_release/umgc/hiseq/170127_D00635_0197_ACAC47ANXX/Springer_Project_052_Run1_Redemux/briggs_pool5_18_index9_S81_R1_001.fastq	/home/springer/data_release/umgc/hiseq/170127_D00635_0197_ACAC47ANXX/Springer_Project_052_Run1_Redemux/briggs_pool5_18_index9_S81_R2_001.fastq	11607643	102
BR081	stem	B73xMo17	husk_0DAP	3	TRUE	/home/springer/data_release/umgc/hiseq/170127_D00635_0197_ACAC47ANXX/Springer_Project_052_Run1_Redemux/briggs_pool5_18_index7_S79_R1_001.fastq	/home/springer/data_release/umgc/hiseq/170127_D00635_0197_ACAC47ANXX/Springer_Project_052_Run1_Redemux/briggs_pool5_18_index7_S79_R2_001.fastq	13790861	102
BR082	stem	B73	tasselstem_0DAP	1	TRUE	/home/springer/data_release/umgc/hiseq/170127_D00635_0197_ACAC47ANXX/Springer_Project_052_Run1_Redemux/briggs_pool5_18_index10_S82_R1_001.fastq	/home/springer/data_release/umgc/hiseq/170127_D00635_0197_ACAC47ANXX/Springer_Project_052_Run1_Redemux/briggs_pool5_18_index10_S82_R2_001.fastq	12451564	102
BR083	stem	B73	tasselstem_0DAP	2	TRUE	/home/springer/data_release/umgc/hiseq/170127_D00635_0197_ACAC47ANXX/Springer_Project_052_Run1_Redemux/briggs_pool5_18_index12_S84_R1_001.fastq	/home/springer/data_release/umgc/hiseq/170127_D00635_0197_ACAC47ANXX/Springer_Project_052_Run1_Redemux/briggs_pool5_18_index12_S84_R2_001.fastq	12221050	102
BR084	stem	B73	tasselstem_0DAP	3	TRUE	/home/springer/data_release/umgc/hiseq/170127_D00635_0197_ACAC47ANXX/Springer_Project_052_Run1_Redemux/briggs_pool5_18_index11_S83_R1_001.fastq	/home/springer/data_release/umgc/hiseq/170127_D00635_0197_ACAC47ANXX/Springer_Project_052_Run1_Redemux/briggs_pool5_18_index11_S83_R2_001.fastq	11567848	102
BR085	stem	Mo17	tasselstem_0DAP	1	TRUE	/home/springer/data_release/umgc/hiseq/170127_D00635_0197_ACAC47ANXX/Springer_Project_052_Run1_Redemux/briggs_pool5_18_index13_S85_R1_001.fastq	/home/springer/data_release/umgc/hiseq/170127_D00635_0197_ACAC47ANXX/Springer_Project_052_Run1_Redemux/briggs_pool5_18_index13_S85_R2_001.fastq	9540165	102
BR086	stem	Mo17	tasselstem_0DAP	2	TRUE	/home/springer/data_release/umgc/hiseq/170127_D00635_0197_ACAC47ANXX/Springer_Project_052_Run1_Redemux/briggs_pool5_18_index20_S88_R1_001.fastq	/home/springer/data_release/umgc/hiseq/170127_D00635_0197_ACAC47ANXX/Springer_Project_052_Run1_Redemux/briggs_pool5_18_index20_S88_R2_001.fastq	9089631	102
BR087	stem	Mo17	tasselstem_0DAP	3	TRUE	/home/springer/data_release/umgc/hiseq/170127_D00635_0197_ACAC47ANXX/Springer_Project_052_Run1_Redemux/briggs_pool5_18_index14_S86_R1_001.fastq	/home/springer/data_release/umgc/hiseq/170127_D00635_0197_ACAC47ANXX/Springer_Project_052_Run1_Redemux/briggs_pool5_18_index14_S86_R2_001.fastq	9244929	102
BR088	stem	B73xMo17	tasselstem_0DAP	1	TRUE	/home/springer/data_release/umgc/hiseq/170127_D00635_0197_ACAC47ANXX/Springer_Project_052_Run1_Redemux/briggs_pool5_18_index21_S89_R1_001.fastq	/home/springer/data_release/umgc/hiseq/170127_D00635_0197_ACAC47ANXX/Springer_Project_052_Run1_Redemux/briggs_pool5_18_index21_S89_R2_001.fastq	8876713	102
BR089	stem	B73xMo17	tasselstem_0DAP	2	TRUE	/home/springer/data_release/umgc/hiseq/170127_D00635_0197_ACAC47ANXX/Springer_Project_052_Run1_Redemux/briggs_pool5_18_index15_S87_R1_001.fastq	/home/springer/data_release/umgc/hiseq/170127_D00635_0197_ACAC47ANXX/Springer_Project_052_Run1_Redemux/briggs_pool5_18_index15_S87_R2_001.fastq	9021520	102
BR090	stem	B73xMo17	tasselstem_0DAP	3	TRUE	/home/springer/data_release/umgc/hiseq/170127_D00635_0197_ACAC47ANXX/Springer_Project_052_Run1_Redemux/briggs_pool5_18_index22_S90_R1_001.fastq	/home/springer/data_release/umgc/hiseq/170127_D00635_0197_ACAC47ANXX/Springer_Project_052_Run1_Redemux/briggs_pool5_18_index22_S90_R2_001.fastq	9072250	102
BR091	floret	B73	0DAP	1	TRUE	/home/springer/data_release/umgc/hiseq/170210_D00635_0201_BCAK8EANXX/Springer_Project_052/briggs_pool6_21_index2_S9_R1_001.fastq	/home/springer/data_release/umgc/hiseq/170210_D00635_0201_BCAK8EANXX/Springer_Project_052/briggs_pool6_21_index2_S9_R2_001.fastq	10046688	102
BR092	floret	B73	0DAP	2	TRUE	/home/springer/data_release/umgc/hiseq/170210_D00635_0201_BCAK8EANXX/Springer_Project_052/briggs_pool6_21_index1_S8_R1_001.fastq	/home/springer/data_release/umgc/hiseq/170210_D00635_0201_BCAK8EANXX/Springer_Project_052/briggs_pool6_21_index1_S8_R2_001.fastq	10344979	102
BR093	floret	B73	0DAP	3	TRUE	/home/springer/data_release/umgc/hiseq/170210_D00635_0201_BCAK8EANXX/Springer_Project_052/briggs_pool6_21_index4_S11_R1_001.fastq	/home/springer/data_release/umgc/hiseq/170210_D00635_0201_BCAK8EANXX/Springer_Project_052/briggs_pool6_21_index4_S11_R2_001.fastq	9586452	102
BR094	floret	Mo17	0DAP	1	TRUE	/home/springer/data_release/umgc/hiseq/170210_D00635_0201_BCAK8EANXX/Springer_Project_052/briggs_pool6_21_index3_S10_R1_001.fastq	/home/springer/data_release/umgc/hiseq/170210_D00635_0201_BCAK8EANXX/Springer_Project_052/briggs_pool6_21_index3_S10_R2_001.fastq	9591540	102
BR095	floret	Mo17	0DAP	2	TRUE	/home/springer/data_release/umgc/hiseq/170210_D00635_0201_BCAK8EANXX/Springer_Project_052/briggs_pool6_21_index5_S12_R1_001.fastq	/home/springer/data_release/umgc/hiseq/170210_D00635_0201_BCAK8EANXX/Springer_Project_052/briggs_pool6_21_index5_S12_R2_001.fastq	10171616	102
BR096	floret	Mo17	0DAP	3	TRUE	/home/springer/data_release/umgc/hiseq/170210_D00635_0201_BCAK8EANXX/Springer_Project_052/briggs_pool6_21_index8_S15_R1_001.fastq	/home/springer/data_release/umgc/hiseq/170210_D00635_0201_BCAK8EANXX/Springer_Project_052/briggs_pool6_21_index8_S15_R2_001.fastq	8968665	102
BR097	floret	B73xMo17	0DAP	1	TRUE	/home/springer/data_release/umgc/hiseq/170210_D00635_0201_BCAK8EANXX/Springer_Project_052/briggs_pool6_21_index6_S13_R1_001.fastq	/home/springer/data_release/umgc/hiseq/170210_D00635_0201_BCAK8EANXX/Springer_Project_052/briggs_pool6_21_index6_S13_R2_001.fastq	8971648	102
BR098	floret	B73xMo17	0DAP	2	TRUE	/home/springer/data_release/umgc/hiseq/170210_D00635_0201_BCAK8EANXX/Springer_Project_052/briggs_pool6_21_index9_S16_R1_001.fastq	/home/springer/data_release/umgc/hiseq/170210_D00635_0201_BCAK8EANXX/Springer_Project_052/briggs_pool6_21_index9_S16_R2_001.fastq	9125085	102
BR099	floret	B73xMo17	0DAP	3	TRUE	/home/springer/data_release/umgc/hiseq/170210_D00635_0201_BCAK8EANXX/Springer_Project_052/briggs_pool6_21_index7_S14_R1_001.fastq	/home/springer/data_release/umgc/hiseq/170210_D00635_0201_BCAK8EANXX/Springer_Project_052/briggs_pool6_21_index7_S14_R2_001.fastq	10114073	102
BR118	kernel	B73	14DAP	1	TRUE	/home/springer/data_release/umgc/hiseq/170210_D00635_0201_BCAK8EANXX/Springer_Project_052/briggs_pool6_21_index10_S17_R1_001.fastq	/home/springer/data_release/umgc/hiseq/170210_D00635_0201_BCAK8EANXX/Springer_Project_052/briggs_pool6_21_index10_S17_R2_001.fastq	10936328	102
BR119	kernel	B73	14DAP	2	TRUE	/home/springer/data_release/umgc/hiseq/170210_D00635_0201_BCAK8EANXX/Springer_Project_052/briggs_pool6_21_index12_S19_R1_001.fastq	/home/springer/data_release/umgc/hiseq/170210_D00635_0201_BCAK8EANXX/Springer_Project_052/briggs_pool6_21_index12_S19_R2_001.fastq	11056044	102
BR120	kernel	B73	14DAP	3	TRUE	/home/springer/data_release/umgc/hiseq/170210_D00635_0201_BCAK8EANXX/Springer_Project_052/briggs_pool6_21_index11_S18_R1_001.fastq	/home/springer/data_release/umgc/hiseq/170210_D00635_0201_BCAK8EANXX/Springer_Project_052/briggs_pool6_21_index11_S18_R2_001.fastq	10542981	102
BR121	kernel	Mo17	14DAP	1	TRUE	/home/springer/data_release/umgc/hiseq/170210_D00635_0201_BCAK8EANXX/Springer_Project_052/briggs_pool6_21_index13_S20_R1_001.fastq	/home/springer/data_release/umgc/hiseq/170210_D00635_0201_BCAK8EANXX/Springer_Project_052/briggs_pool6_21_index13_S20_R2_001.fastq	13288857	102
BR122	kernel	Mo17	14DAP	2	TRUE	/home/springer/data_release/umgc/hiseq/170210_D00635_0201_BCAK8EANXX/Springer_Project_052/briggs_pool6_21_index20_S25_R1_001.fastq	/home/springer/data_release/umgc/hiseq/170210_D00635_0201_BCAK8EANXX/Springer_Project_052/briggs_pool6_21_index20_S25_R2_001.fastq	13244937	102
BR123	kernel	Mo17	14DAP	3	TRUE	/home/springer/data_release/umgc/hiseq/170210_D00635_0201_BCAK8EANXX/Springer_Project_052/briggs_pool6_21_index14_S21_R1_001.fastq	/home/springer/data_release/umgc/hiseq/170210_D00635_0201_BCAK8EANXX/Springer_Project_052/briggs_pool6_21_index14_S21_R2_001.fastq	11612393	102
BR124	kernel	B73xMo17	14DAP	1	TRUE	/home/springer/data_release/umgc/hiseq/170210_D00635_0201_BCAK8EANXX/Springer_Project_052/briggs_pool6_21_index21_S26_R1_001.fastq	/home/springer/data_release/umgc/hiseq/170210_D00635_0201_BCAK8EANXX/Springer_Project_052/briggs_pool6_21_index21_S26_R2_001.fastq	12287598	102
BR125	kernel	B73xMo17	14DAP	2	TRUE	/home/springer/data_release/umgc/hiseq/170210_D00635_0201_BCAK8EANXX/Springer_Project_052/briggs_pool6_21_index15_S22_R1_001.fastq	/home/springer/data_release/umgc/hiseq/170210_D00635_0201_BCAK8EANXX/Springer_Project_052/briggs_pool6_21_index15_S22_R2_001.fastq	11390752	102
BR126	kernel	B73xMo17	14DAP	3	TRUE	/home/springer/data_release/umgc/hiseq/170210_D00635_0201_BCAK8EANXX/Springer_Project_052/briggs_pool6_21_index22_S27_R1_001.fastq	/home/springer/data_release/umgc/hiseq/170210_D00635_0201_BCAK8EANXX/Springer_Project_052/briggs_pool6_21_index22_S27_R2_001.fastq	10802003	102
BR127	kernel	Mo17xB73	14DAP	1	TRUE	/home/springer/data_release/umgc/hiseq/170210_D00635_0201_BCAK8EANXX/Springer_Project_052/briggs_pool6_21_index16_S23_R1_001.fastq	/home/springer/data_release/umgc/hiseq/170210_D00635_0201_BCAK8EANXX/Springer_Project_052/briggs_pool6_21_index16_S23_R2_001.fastq	11034849	102
BR128	kernel	Mo17xB73	14DAP	2	TRUE	/home/springer/data_release/umgc/hiseq/170210_D00635_0201_BCAK8EANXX/Springer_Project_052/briggs_pool6_21_index23_S28_R1_001.fastq	/home/springer/data_release/umgc/hiseq/170210_D00635_0201_BCAK8EANXX/Springer_Project_052/briggs_pool6_21_index23_S28_R2_001.fastq	12256591	102
BR129	kernel	Mo17xB73	14DAP	3	TRUE	/home/springer/data_release/umgc/hiseq/170210_D00635_0201_BCAK8EANXX/Springer_Project_052/briggs_pool6_21_index18_S24_R1_001.fastq	/home/springer/data_release/umgc/hiseq/170210_D00635_0201_BCAK8EANXX/Springer_Project_052/briggs_pool6_21_index18_S24_R2_001.fastq	12056059	102
BR100	leaf	B73	flag_0DAP	1	TRUE	/home/springer/data_release/umgc/hiseq/170210_D00635_0201_BCAK8EANXX/Springer_Project_052/briggs_pool7_18_index2_S30_R1_001.fastq	/home/springer/data_release/umgc/hiseq/170210_D00635_0201_BCAK8EANXX/Springer_Project_052/briggs_pool7_18_index2_S30_R2_001.fastq	8870907	102
BR101	leaf	B73	flag_0DAP	2	TRUE	/home/springer/data_release/umgc/hiseq/170210_D00635_0201_BCAK8EANXX/Springer_Project_052/briggs_pool7_18_index4_S32_R1_001.fastq	/home/springer/data_release/umgc/hiseq/170210_D00635_0201_BCAK8EANXX/Springer_Project_052/briggs_pool7_18_index4_S32_R2_001.fastq	8927886	102
BR102	leaf	B73	flag_0DAP	3	TRUE	/home/springer/data_release/umgc/hiseq/170210_D00635_0201_BCAK8EANXX/Springer_Project_052/briggs_pool7_18_index5_S33_R1_001.fastq	/home/springer/data_release/umgc/hiseq/170210_D00635_0201_BCAK8EANXX/Springer_Project_052/briggs_pool7_18_index5_S33_R2_001.fastq	9310919	102
BR103	leaf	Mo17	flag_0DAP	1	TRUE	/home/springer/data_release/umgc/hiseq/170210_D00635_0201_BCAK8EANXX/Springer_Project_052/briggs_pool7_18_index27_S46_R1_001.fastq	/home/springer/data_release/umgc/hiseq/170210_D00635_0201_BCAK8EANXX/Springer_Project_052/briggs_pool7_18_index27_S46_R2_001.fastq	12454393	102
BR104	leaf	Mo17	flag_0DAP	2	TRUE	/home/springer/data_release/umgc/hiseq/170210_D00635_0201_BCAK8EANXX/Springer_Project_052/briggs_pool7_18_index25_S45_R1_001.fastq	/home/springer/data_release/umgc/hiseq/170210_D00635_0201_BCAK8EANXX/Springer_Project_052/briggs_pool7_18_index25_S45_R2_001.fastq	11124928	102
BR105	leaf	Mo17	flag_0DAP	3	TRUE	/home/springer/data_release/umgc/hiseq/170210_D00635_0201_BCAK8EANXX/Springer_Project_052/briggs_pool7_18_index6_S34_R1_001.fastq	/home/springer/data_release/umgc/hiseq/170210_D00635_0201_BCAK8EANXX/Springer_Project_052/briggs_pool7_18_index6_S34_R2_001.fastq	9139066	102
BR106	leaf	B73xMo17	flag_0DAP	1	TRUE	/home/springer/data_release/umgc/hiseq/170210_D00635_0201_BCAK8EANXX/Springer_Project_052/briggs_pool7_18_index7_S35_R1_001.fastq	/home/springer/data_release/umgc/hiseq/170210_D00635_0201_BCAK8EANXX/Springer_Project_052/briggs_pool7_18_index7_S35_R2_001.fastq	8237380	102
BR107	leaf	B73xMo17	flag_0DAP	2	TRUE	/home/springer/data_release/umgc/hiseq/170210_D00635_0201_BCAK8EANXX/Springer_Project_052/briggs_pool7_18_index23_S44_R1_001.fastq	/home/springer/data_release/umgc/hiseq/170210_D00635_0201_BCAK8EANXX/Springer_Project_052/briggs_pool7_18_index23_S44_R2_001.fastq	11375396	102
BR108	leaf	B73xMo17	flag_0DAP	3	TRUE	/home/springer/data_release/umgc/hiseq/170210_D00635_0201_BCAK8EANXX/Springer_Project_052/briggs_pool7_18_index12_S40_R1_001.fastq	/home/springer/data_release/umgc/hiseq/170210_D00635_0201_BCAK8EANXX/Springer_Project_052/briggs_pool7_18_index12_S40_R2_001.fastq	8739031	102
BR109	root	B73	0DAP	1	TRUE	/home/springer/data_release/umgc/hiseq/170210_D00635_0201_BCAK8EANXX/Springer_Project_052/briggs_pool7_18_index1_S29_R1_001.fastq	/home/springer/data_release/umgc/hiseq/170210_D00635_0201_BCAK8EANXX/Springer_Project_052/briggs_pool7_18_index1_S29_R2_001.fastq	12780458	102
BR110	root	B73	0DAP	2	TRUE	/home/springer/data_release/umgc/hiseq/170210_D00635_0201_BCAK8EANXX/Springer_Project_052/briggs_pool7_18_index9_S37_R1_001.fastq	/home/springer/data_release/umgc/hiseq/170210_D00635_0201_BCAK8EANXX/Springer_Project_052/briggs_pool7_18_index9_S37_R2_001.fastq	11071413	102
BR111	root	B73	0DAP	3	TRUE	/home/springer/data_release/umgc/hiseq/170210_D00635_0201_BCAK8EANXX/Springer_Project_052/briggs_pool7_18_index11_S39_R1_001.fastq	/home/springer/data_release/umgc/hiseq/170210_D00635_0201_BCAK8EANXX/Springer_Project_052/briggs_pool7_18_index11_S39_R2_001.fastq	14352722	102
BR112	root	Mo17	0DAP	1	TRUE	/home/springer/data_release/umgc/hiseq/170210_D00635_0201_BCAK8EANXX/Springer_Project_052/briggs_pool7_18_index20_S41_R1_001.fastq	/home/springer/data_release/umgc/hiseq/170210_D00635_0201_BCAK8EANXX/Springer_Project_052/briggs_pool7_18_index20_S41_R2_001.fastq	13432400	102
BR113	root	Mo17	0DAP	2	TRUE	/home/springer/data_release/umgc/hiseq/170210_D00635_0201_BCAK8EANXX/Springer_Project_052/briggs_pool7_18_index21_S42_R1_001.fastq	/home/springer/data_release/umgc/hiseq/170210_D00635_0201_BCAK8EANXX/Springer_Project_052/briggs_pool7_18_index21_S42_R2_001.fastq	11241291	102
BR114	root	Mo17	0DAP	3	TRUE	/home/springer/data_release/umgc/hiseq/170210_D00635_0201_BCAK8EANXX/Springer_Project_052/briggs_pool7_18_index22_S43_R1_001.fastq	/home/springer/data_release/umgc/hiseq/170210_D00635_0201_BCAK8EANXX/Springer_Project_052/briggs_pool7_18_index22_S43_R2_001.fastq	11748397	102
BR115	root	B73xMo17	0DAP	1	TRUE	/home/springer/data_release/umgc/hiseq/170210_D00635_0201_BCAK8EANXX/Springer_Project_052/briggs_pool7_18_index10_S38_R1_001.fastq	/home/springer/data_release/umgc/hiseq/170210_D00635_0201_BCAK8EANXX/Springer_Project_052/briggs_pool7_18_index10_S38_R2_001.fastq	12447495	102
BR116	root	B73xMo17	0DAP	2	TRUE	/home/springer/data_release/umgc/hiseq/170210_D00635_0201_BCAK8EANXX/Springer_Project_052/briggs_pool7_18_index3_S31_R1_001.fastq	/home/springer/data_release/umgc/hiseq/170210_D00635_0201_BCAK8EANXX/Springer_Project_052/briggs_pool7_18_index3_S31_R2_001.fastq	13501613	102
BR117	root	B73xMo17	0DAP	3	TRUE	/home/springer/data_release/umgc/hiseq/170210_D00635_0201_BCAK8EANXX/Springer_Project_052/briggs_pool7_18_index8_S36_R1_001.fastq	/home/springer/data_release/umgc/hiseq/170210_D00635_0201_BCAK8EANXX/Springer_Project_052/briggs_pool7_18_index8_S36_R2_001.fastq	12014758	102
BR130	endosperm	B73	14DAP	1	TRUE	/home/springer/data_release/umgc/hiseq/170210_D00635_0201_BCAK8EANXX/Springer_Project_052/briggs_pool8_24_index2_S48_R1_001.fastq	/home/springer/data_release/umgc/hiseq/170210_D00635_0201_BCAK8EANXX/Springer_Project_052/briggs_pool8_24_index2_S48_R2_001.fastq	7971614	102
BR131	endosperm	B73	14DAP	2	TRUE	/home/springer/data_release/umgc/hiseq/170210_D00635_0201_BCAK8EANXX/Springer_Project_052/briggs_pool8_24_index1_S47_R1_001.fastq	/home/springer/data_release/umgc/hiseq/170210_D00635_0201_BCAK8EANXX/Springer_Project_052/briggs_pool8_24_index1_S47_R2_001.fastq	8354751	102
BR132	endosperm	B73	14DAP	3	TRUE	/home/springer/data_release/umgc/hiseq/170210_D00635_0201_BCAK8EANXX/Springer_Project_052/briggs_pool8_24_index4_S50_R1_001.fastq	/home/springer/data_release/umgc/hiseq/170210_D00635_0201_BCAK8EANXX/Springer_Project_052/briggs_pool8_24_index4_S50_R2_001.fastq	8106969	102
BR133	endosperm	Mo17	14DAP	1	TRUE	/home/springer/data_release/umgc/hiseq/170210_D00635_0201_BCAK8EANXX/Springer_Project_052/briggs_pool8_24_index3_S49_R1_001.fastq	/home/springer/data_release/umgc/hiseq/170210_D00635_0201_BCAK8EANXX/Springer_Project_052/briggs_pool8_24_index3_S49_R2_001.fastq	7996705	102
BR134	endosperm	Mo17	14DAP	2	TRUE	/home/springer/data_release/umgc/hiseq/170210_D00635_0201_BCAK8EANXX/Springer_Project_052/briggs_pool8_24_index5_S51_R1_001.fastq	/home/springer/data_release/umgc/hiseq/170210_D00635_0201_BCAK8EANXX/Springer_Project_052/briggs_pool8_24_index5_S51_R2_001.fastq	7111069	102
BR135	endosperm	Mo17	14DAP	3	TRUE	/home/springer/data_release/umgc/hiseq/170210_D00635_0201_BCAK8EANXX/Springer_Project_052/briggs_pool8_24_index8_S54_R1_001.fastq	/home/springer/data_release/umgc/hiseq/170210_D00635_0201_BCAK8EANXX/Springer_Project_052/briggs_pool8_24_index8_S54_R2_001.fastq	7053101	102
BR136	endosperm	B73xMo17	14DAP	1	TRUE	/home/springer/data_release/umgc/hiseq/170210_D00635_0201_BCAK8EANXX/Springer_Project_052/briggs_pool8_24_index6_S52_R1_001.fastq	/home/springer/data_release/umgc/hiseq/170210_D00635_0201_BCAK8EANXX/Springer_Project_052/briggs_pool8_24_index6_S52_R2_001.fastq	7342993	102
BR137	endosperm	B73xMo17	14DAP	2	TRUE	/home/springer/data_release/umgc/hiseq/170210_D00635_0201_BCAK8EANXX/Springer_Project_052/briggs_pool8_24_index9_S55_R1_001.fastq	/home/springer/data_release/umgc/hiseq/170210_D00635_0201_BCAK8EANXX/Springer_Project_052/briggs_pool8_24_index9_S55_R2_001.fastq	7408587	102
BR138	endosperm	B73xMo17	14DAP	3	TRUE	/home/springer/data_release/umgc/hiseq/170210_D00635_0201_BCAK8EANXX/Springer_Project_052/briggs_pool8_24_index7_S53_R1_001.fastq	/home/springer/data_release/umgc/hiseq/170210_D00635_0201_BCAK8EANXX/Springer_Project_052/briggs_pool8_24_index7_S53_R2_001.fastq	8295102	102
BR139	endosperm	Mo17xB73	14DAP	1	TRUE	/home/springer/data_release/umgc/hiseq/170210_D00635_0201_BCAK8EANXX/Springer_Project_052/briggs_pool8_24_index10_S56_R1_001.fastq	/home/springer/data_release/umgc/hiseq/170210_D00635_0201_BCAK8EANXX/Springer_Project_052/briggs_pool8_24_index10_S56_R2_001.fastq	8353565	102
BR140	endosperm	Mo17xB73	14DAP	2	TRUE	/home/springer/data_release/umgc/hiseq/170210_D00635_0201_BCAK8EANXX/Springer_Project_052/briggs_pool8_24_index12_S58_R1_001.fastq	/home/springer/data_release/umgc/hiseq/170210_D00635_0201_BCAK8EANXX/Springer_Project_052/briggs_pool8_24_index12_S58_R2_001.fastq	7429170	102
BR141	endosperm	Mo17xB73	14DAP	3	TRUE	/home/springer/data_release/umgc/hiseq/170210_D00635_0201_BCAK8EANXX/Springer_Project_052/briggs_pool8_24_index11_S57_R1_001.fastq	/home/springer/data_release/umgc/hiseq/170210_D00635_0201_BCAK8EANXX/Springer_Project_052/briggs_pool8_24_index11_S57_R2_001.fastq	8249827	102
BR142	embryo	B73	27DAP	1	TRUE	/home/springer/data_release/umgc/hiseq/170210_D00635_0201_BCAK8EANXX/Springer_Project_052/briggs_pool8_24_index13_S59_R1_001.fastq	/home/springer/data_release/umgc/hiseq/170210_D00635_0201_BCAK8EANXX/Springer_Project_052/briggs_pool8_24_index13_S59_R2_001.fastq	7372483	102
BR143	embryo	B73	27DAP	2	TRUE	/home/springer/data_release/umgc/hiseq/170210_D00635_0201_BCAK8EANXX/Springer_Project_052/briggs_pool8_24_index20_S65_R1_001.fastq	/home/springer/data_release/umgc/hiseq/170210_D00635_0201_BCAK8EANXX/Springer_Project_052/briggs_pool8_24_index20_S65_R2_001.fastq	7042198	102
BR144	embryo	B73	27DAP	3	TRUE	/home/springer/data_release/umgc/hiseq/170210_D00635_0201_BCAK8EANXX/Springer_Project_052/briggs_pool8_24_index14_S60_R1_001.fastq	/home/springer/data_release/umgc/hiseq/170210_D00635_0201_BCAK8EANXX/Springer_Project_052/briggs_pool8_24_index14_S60_R2_001.fastq	6553609	102
BR145	embryo	Mo17	27DAP	1	TRUE	/home/springer/data_release/umgc/hiseq/170210_D00635_0201_BCAK8EANXX/Springer_Project_052/briggs_pool8_24_index21_S66_R1_001.fastq	/home/springer/data_release/umgc/hiseq/170210_D00635_0201_BCAK8EANXX/Springer_Project_052/briggs_pool8_24_index21_S66_R2_001.fastq	7077358	102
BR146	embryo	Mo17	27DAP	2	TRUE	/home/springer/data_release/umgc/hiseq/170210_D00635_0201_BCAK8EANXX/Springer_Project_052/briggs_pool8_24_index15_S61_R1_001.fastq	/home/springer/data_release/umgc/hiseq/170210_D00635_0201_BCAK8EANXX/Springer_Project_052/briggs_pool8_24_index15_S61_R2_001.fastq	7533408	102
BR147	embryo	Mo17	27DAP	3	TRUE	/home/springer/data_release/umgc/hiseq/170210_D00635_0201_BCAK8EANXX/Springer_Project_052/briggs_pool8_24_index22_S67_R1_001.fastq	/home/springer/data_release/umgc/hiseq/170210_D00635_0201_BCAK8EANXX/Springer_Project_052/briggs_pool8_24_index22_S67_R2_001.fastq	8261322	102
BR148	embryo	B73xMo17	27DAP	1	TRUE	/home/springer/data_release/umgc/hiseq/170210_D00635_0201_BCAK8EANXX/Springer_Project_052/briggs_pool8_24_index16_S62_R1_001.fastq	/home/springer/data_release/umgc/hiseq/170210_D00635_0201_BCAK8EANXX/Springer_Project_052/briggs_pool8_24_index16_S62_R2_001.fastq	7602835	102
BR149	embryo	B73xMo17	27DAP	2	TRUE	/home/springer/data_release/umgc/hiseq/170210_D00635_0201_BCAK8EANXX/Springer_Project_052/briggs_pool8_24_index23_S68_R1_001.fastq	/home/springer/data_release/umgc/hiseq/170210_D00635_0201_BCAK8EANXX/Springer_Project_052/briggs_pool8_24_index23_S68_R2_001.fastq	8456705	102
BR150	embryo	B73xMo17	27DAP	3	TRUE	/home/springer/data_release/umgc/hiseq/170210_D00635_0201_BCAK8EANXX/Springer_Project_052/briggs_pool8_24_index18_S63_R1_001.fastq	/home/springer/data_release/umgc/hiseq/170210_D00635_0201_BCAK8EANXX/Springer_Project_052/briggs_pool8_24_index18_S63_R2_001.fastq	8081181	102
BR151	embryo	Mo17xB73	27DAP	1	TRUE	/home/springer/data_release/umgc/hiseq/170210_D00635_0201_BCAK8EANXX/Springer_Project_052/briggs_pool8_24_index25_S69_R1_001.fastq	/home/springer/data_release/umgc/hiseq/170210_D00635_0201_BCAK8EANXX/Springer_Project_052/briggs_pool8_24_index25_S69_R2_001.fastq	8665419	102
BR152	embryo	Mo17xB73	27DAP	2	TRUE	/home/springer/data_release/umgc/hiseq/170210_D00635_0201_BCAK8EANXX/Springer_Project_052/briggs_pool8_24_index19_S64_R1_001.fastq	/home/springer/data_release/umgc/hiseq/170210_D00635_0201_BCAK8EANXX/Springer_Project_052/briggs_pool8_24_index19_S64_R2_001.fastq	8303462	102
BR153	embryo	Mo17xB73	27DAP	3	TRUE	/home/springer/data_release/umgc/hiseq/170210_D00635_0201_BCAK8EANXX/Springer_Project_052/briggs_pool8_24_index27_S70_R1_001.fastq	/home/springer/data_release/umgc/hiseq/170210_D00635_0201_BCAK8EANXX/Springer_Project_052/briggs_pool8_24_index27_S70_R2_001.fastq	7536997	102
BR154	endosperm	B73	27DAP	1	TRUE	/home/springer/data_release/umgc/hiseq/170210_D00635_0201_BCAK8EANXX/Springer_Project_052/briggs_pool9_12_index2_S72_R1_001.fastq	/home/springer/data_release/umgc/hiseq/170210_D00635_0201_BCAK8EANXX/Springer_Project_052/briggs_pool9_12_index2_S72_R2_001.fastq	17736115	102
BR155	endosperm	B73	27DAP	2	TRUE	/home/springer/data_release/umgc/hiseq/170210_D00635_0201_BCAK8EANXX/Springer_Project_052/briggs_pool9_12_index1_S71_R1_001.fastq	/home/springer/data_release/umgc/hiseq/170210_D00635_0201_BCAK8EANXX/Springer_Project_052/briggs_pool9_12_index1_S71_R2_001.fastq	17169716	102
BR156	endosperm	B73	27DAP	3	TRUE	/home/springer/data_release/umgc/hiseq/170210_D00635_0201_BCAK8EANXX/Springer_Project_052/briggs_pool9_12_index4_S74_R1_001.fastq	/home/springer/data_release/umgc/hiseq/170210_D00635_0201_BCAK8EANXX/Springer_Project_052/briggs_pool9_12_index4_S74_R2_001.fastq	18730409	102
BR157	endosperm	Mo17	27DAP	1	TRUE	/home/springer/data_release/umgc/hiseq/170210_D00635_0201_BCAK8EANXX/Springer_Project_052/briggs_pool9_12_index3_S73_R1_001.fastq	/home/springer/data_release/umgc/hiseq/170210_D00635_0201_BCAK8EANXX/Springer_Project_052/briggs_pool9_12_index3_S73_R2_001.fastq	14649158	102
BR158	endosperm	Mo17	27DAP	2	TRUE	/home/springer/data_release/umgc/hiseq/170210_D00635_0201_BCAK8EANXX/Springer_Project_052/briggs_pool9_12_index5_S75_R1_001.fastq	/home/springer/data_release/umgc/hiseq/170210_D00635_0201_BCAK8EANXX/Springer_Project_052/briggs_pool9_12_index5_S75_R2_001.fastq	15811476	102
BR159	endosperm	Mo17	27DAP	3	TRUE	/home/springer/data_release/umgc/hiseq/170210_D00635_0201_BCAK8EANXX/Springer_Project_052/briggs_pool9_12_index8_S78_R1_001.fastq	/home/springer/data_release/umgc/hiseq/170210_D00635_0201_BCAK8EANXX/Springer_Project_052/briggs_pool9_12_index8_S78_R2_001.fastq	13053684	102
BR160	endosperm	B73xMo17	27DAP	1	TRUE	/home/springer/data_release/umgc/hiseq/170210_D00635_0201_BCAK8EANXX/Springer_Project_052/briggs_pool9_12_index6_S76_R1_001.fastq	/home/springer/data_release/umgc/hiseq/170210_D00635_0201_BCAK8EANXX/Springer_Project_052/briggs_pool9_12_index6_S76_R2_001.fastq	14814247	102
BR161	endosperm	B73xMo17	27DAP	2	TRUE	/home/springer/data_release/umgc/hiseq/170210_D00635_0201_BCAK8EANXX/Springer_Project_052/briggs_pool9_12_index9_S79_R1_001.fastq	/home/springer/data_release/umgc/hiseq/170210_D00635_0201_BCAK8EANXX/Springer_Project_052/briggs_pool9_12_index9_S79_R2_001.fastq	14413309	102
BR162	endosperm	B73xMo17	27DAP	3	TRUE	/home/springer/data_release/umgc/hiseq/170210_D00635_0201_BCAK8EANXX/Springer_Project_052/briggs_pool9_12_index7_S77_R1_001.fastq	/home/springer/data_release/umgc/hiseq/170210_D00635_0201_BCAK8EANXX/Springer_Project_052/briggs_pool9_12_index7_S77_R2_001.fastq	14883939	102
BR163	endosperm	Mo17xB73	27DAP	1	TRUE	/home/springer/data_release/umgc/hiseq/170210_D00635_0201_BCAK8EANXX/Springer_Project_052/briggs_pool9_12_index10_S80_R1_001.fastq	/home/springer/data_release/umgc/hiseq/170210_D00635_0201_BCAK8EANXX/Springer_Project_052/briggs_pool9_12_index10_S80_R2_001.fastq	14936706	102
BR164	endosperm	Mo17xB73	27DAP	2	TRUE	/home/springer/data_release/umgc/hiseq/170210_D00635_0201_BCAK8EANXX/Springer_Project_052/briggs_pool9_12_index12_S82_R1_001.fastq	/home/springer/data_release/umgc/hiseq/170210_D00635_0201_BCAK8EANXX/Springer_Project_052/briggs_pool9_12_index12_S82_R2_001.fastq	14553888	102
BR165	endosperm	Mo17xB73	27DAP	3	TRUE	/home/springer/data_release/umgc/hiseq/170210_D00635_0201_BCAK8EANXX/Springer_Project_052/briggs_pool9_12_index11_S81_R1_001.fastq	/home/springer/data_release/umgc/hiseq/170210_D00635_0201_BCAK8EANXX/Springer_Project_052/briggs_pool9_12_index11_S81_R2_001.fastq	14840064	102
BR166	coleoptile	B73	tip	1	TRUE	/home/springer/data_release/umgc/hiseq/180103_D00635_0319_ACC5PFANXX/Springer_Project_058/briggs_pool10_18_Index2_S2_R1_001.fastq.gz	/home/springer/data_release/umgc/hiseq/180103_D00635_0319_ACC5PFANXX/Springer_Project_058/briggs_pool10_18_Index2_S2_R2_001.fastq.gz	12267403	102
BR167	coleoptile	B73	tip	2	TRUE	/home/springer/data_release/umgc/hiseq/180103_D00635_0319_ACC5PFANXX/Springer_Project_058/briggs_pool10_18_Index1_S1_R1_001.fastq.gz	/home/springer/data_release/umgc/hiseq/180103_D00635_0319_ACC5PFANXX/Springer_Project_058/briggs_pool10_18_Index1_S1_R2_001.fastq.gz	11485549	102
BR168	coleoptile	B73	tip	3	TRUE	/home/springer/data_release/umgc/hiseq/180103_D00635_0319_ACC5PFANXX/Springer_Project_058/briggs_pool10_18_Index4_S4_R1_001.fastq.gz	/home/springer/data_release/umgc/hiseq/180103_D00635_0319_ACC5PFANXX/Springer_Project_058/briggs_pool10_18_Index4_S4_R2_001.fastq.gz	12399486	102
BR169	coleoptile	Mo17	tip	1	TRUE	/home/springer/data_release/umgc/hiseq/180103_D00635_0319_ACC5PFANXX/Springer_Project_058/briggs_pool10_18_Index3_S3_R1_001.fastq.gz	/home/springer/data_release/umgc/hiseq/180103_D00635_0319_ACC5PFANXX/Springer_Project_058/briggs_pool10_18_Index3_S3_R2_001.fastq.gz	11947303	102
BR170	coleoptile	Mo17	tip	2	TRUE	/home/springer/data_release/umgc/hiseq/180103_D00635_0319_ACC5PFANXX/Springer_Project_058/briggs_pool10_18_Index5_S5_R1_001.fastq.gz	/home/springer/data_release/umgc/hiseq/180103_D00635_0319_ACC5PFANXX/Springer_Project_058/briggs_pool10_18_Index5_S5_R2_001.fastq.gz	12242354	102
BR171	coleoptile	Mo17	tip	3	TRUE	/home/springer/data_release/umgc/hiseq/180103_D00635_0319_ACC5PFANXX/Springer_Project_058/briggs_pool10_18_Index8_S8_R1_001.fastq.gz	/home/springer/data_release/umgc/hiseq/180103_D00635_0319_ACC5PFANXX/Springer_Project_058/briggs_pool10_18_Index8_S8_R2_001.fastq.gz	13259951	102
BR172	coleoptile	B73xMo17	tip	1	TRUE	/home/springer/data_release/umgc/hiseq/180103_D00635_0319_ACC5PFANXX/Springer_Project_058/briggs_pool10_18_Index6_S6_R1_001.fastq.gz	/home/springer/data_release/umgc/hiseq/180103_D00635_0319_ACC5PFANXX/Springer_Project_058/briggs_pool10_18_Index6_S6_R2_001.fastq.gz	12391702	102
BR173	coleoptile	B73xMo17	tip	2	TRUE	/home/springer/data_release/umgc/hiseq/180103_D00635_0319_ACC5PFANXX/Springer_Project_058/briggs_pool10_18_Index9_S9_R1_001.fastq.gz	/home/springer/data_release/umgc/hiseq/180103_D00635_0319_ACC5PFANXX/Springer_Project_058/briggs_pool10_18_Index9_S9_R2_001.fastq.gz	12048829	102
BR174	coleoptile	B73xMo17	tip	3	TRUE	/home/springer/data_release/umgc/hiseq/180103_D00635_0319_ACC5PFANXX/Springer_Project_058/briggs_pool10_18_Index7_S7_R1_001.fastq.gz	/home/springer/data_release/umgc/hiseq/180103_D00635_0319_ACC5PFANXX/Springer_Project_058/briggs_pool10_18_Index7_S7_R2_001.fastq.gz	12187226	102
BR175	root	B73	radicle	1	TRUE	/home/springer/data_release/umgc/hiseq/180103_D00635_0319_ACC5PFANXX/Springer_Project_058/briggs_pool10_18_Index10_S10_R1_001.fastq.gz	/home/springer/data_release/umgc/hiseq/180103_D00635_0319_ACC5PFANXX/Springer_Project_058/briggs_pool10_18_Index10_S10_R2_001.fastq.gz	12295498	102
BR176	root	B73	radicle	2	TRUE	/home/springer/data_release/umgc/hiseq/180103_D00635_0319_ACC5PFANXX/Springer_Project_058/briggs_pool10_18_Index12_S12_R1_001.fastq.gz	/home/springer/data_release/umgc/hiseq/180103_D00635_0319_ACC5PFANXX/Springer_Project_058/briggs_pool10_18_Index12_S12_R2_001.fastq.gz	11534982	102
BR177	root	B73	radicle	3	TRUE	/home/springer/data_release/umgc/hiseq/180103_D00635_0319_ACC5PFANXX/Springer_Project_058/briggs_pool10_18_Index11_S11_R1_001.fastq.gz	/home/springer/data_release/umgc/hiseq/180103_D00635_0319_ACC5PFANXX/Springer_Project_058/briggs_pool10_18_Index11_S11_R2_001.fastq.gz	10646209	102
BR178	root	Mo17	radicle	1	TRUE	/home/springer/data_release/umgc/hiseq/180103_D00635_0319_ACC5PFANXX/Springer_Project_058/briggs_pool10_18_Index13_S13_R1_001.fastq.gz	/home/springer/data_release/umgc/hiseq/180103_D00635_0319_ACC5PFANXX/Springer_Project_058/briggs_pool10_18_Index13_S13_R2_001.fastq.gz	12066875	102
BR179	root	Mo17	radicle	2	TRUE	/home/springer/data_release/umgc/hiseq/180103_D00635_0319_ACC5PFANXX/Springer_Project_058/briggs_pool10_18_Index20_S16_R1_001.fastq.gz	/home/springer/data_release/umgc/hiseq/180103_D00635_0319_ACC5PFANXX/Springer_Project_058/briggs_pool10_18_Index20_S16_R2_001.fastq.gz	11661817	102
BR180	root	Mo17	radicle	3	TRUE	/home/springer/data_release/umgc/hiseq/180103_D00635_0319_ACC5PFANXX/Springer_Project_058/briggs_pool10_18_Index14_S14_R1_001.fastq.gz	/home/springer/data_release/umgc/hiseq/180103_D00635_0319_ACC5PFANXX/Springer_Project_058/briggs_pool10_18_Index14_S14_R2_001.fastq.gz	10959894	102
BR181	root	B73xMo17	radicle	1	TRUE	/home/springer/data_release/umgc/hiseq/180103_D00635_0319_ACC5PFANXX/Springer_Project_058/briggs_pool10_18_Index21_S17_R1_001.fastq.gz	/home/springer/data_release/umgc/hiseq/180103_D00635_0319_ACC5PFANXX/Springer_Project_058/briggs_pool10_18_Index21_S17_R2_001.fastq.gz	13122821	102
BR182	root	B73xMo17	radicle	2	TRUE	/home/springer/data_release/umgc/hiseq/180103_D00635_0319_ACC5PFANXX/Springer_Project_058/briggs_pool10_18_Index15_S15_R1_001.fastq.gz	/home/springer/data_release/umgc/hiseq/180103_D00635_0319_ACC5PFANXX/Springer_Project_058/briggs_pool10_18_Index15_S15_R2_001.fastq.gz	12468832	102
BR183	root	B73xMo17	radicle	3	TRUE	/home/springer/data_release/umgc/hiseq/180103_D00635_0319_ACC5PFANXX/Springer_Project_058/briggs_pool10_18_Index22_S18_R1_001.fastq.gz	/home/springer/data_release/umgc/hiseq/180103_D00635_0319_ACC5PFANXX/Springer_Project_058/briggs_pool10_18_Index22_S18_R2_001.fastq.gz	11587217	102
BR184	embryo	B73	imbibedseed	1	TRUE	/home/springer/data_release/umgc/hiseq/180109_D00635_0322_BCATGLANXX/Springer_Project_058/briggs_pool11_18_Index2_S8_R1_001.fastq.gz	/home/springer/data_release/umgc/hiseq/180109_D00635_0322_BCATGLANXX/Springer_Project_058/briggs_pool11_18_Index2_S8_R2_001.fastq.gz	16521544	102
BR242	embryo	B73	imbibedseed	2	TRUE	/home/springer/data_release/umgc/hiseq/180109_D00635_0322_BCATGLANXX/Springer_Project_058/briggs_pool11_18_Index1_S1_R1_001.fastq.gz	/home/springer/data_release/umgc/hiseq/180109_D00635_0322_BCATGLANXX/Springer_Project_058/briggs_pool11_18_Index1_S1_R2_001.fastq.gz	18100445	102
BR243	embryo	B73	imbibedseed	3	TRUE	/home/springer/data_release/umgc/hiseq/180109_D00635_0322_BCATGLANXX/Springer_Project_058/briggs_pool11_18_Index4_S13_R1_001.fastq.gz	/home/springer/data_release/umgc/hiseq/180109_D00635_0322_BCATGLANXX/Springer_Project_058/briggs_pool11_18_Index4_S13_R2_001.fastq.gz	16539617	102
BR245	embryo	Mo17	imbibedseed	1	TRUE	/home/springer/data_release/umgc/hiseq/180109_D00635_0322_BCATGLANXX/Springer_Project_058/briggs_pool11_18_Index3_S12_R1_001.fastq.gz	/home/springer/data_release/umgc/hiseq/180109_D00635_0322_BCATGLANXX/Springer_Project_058/briggs_pool11_18_Index3_S12_R2_001.fastq.gz	15060983	102
BR188	embryo	Mo17	imbibedseed	2	TRUE	/home/springer/data_release/umgc/hiseq/180109_D00635_0322_BCATGLANXX/Springer_Project_058/briggs_pool11_18_Index5_S14_R1_001.fastq.gz	/home/springer/data_release/umgc/hiseq/180109_D00635_0322_BCATGLANXX/Springer_Project_058/briggs_pool11_18_Index5_S14_R2_001.fastq.gz	19136137	102
BR227	embryo	Mo17	imbibedseed	3	TRUE	/home/springer/data_release/umgc/hiseq/180109_D00635_0322_BCATGLANXX/Springer_Project_058/briggs_pool11_18_Index8_S17_R1_001.fastq.gz	/home/springer/data_release/umgc/hiseq/180109_D00635_0322_BCATGLANXX/Springer_Project_058/briggs_pool11_18_Index8_S17_R2_001.fastq.gz	10606785	102
BR191	embryo	B73xMo17	imbibedseed	1	TRUE	/home/springer/data_release/umgc/hiseq/180109_D00635_0322_BCATGLANXX/Springer_Project_058/briggs_pool11_18_Index9_S18_R1_001.fastq.gz	/home/springer/data_release/umgc/hiseq/180109_D00635_0322_BCATGLANXX/Springer_Project_058/briggs_pool11_18_Index9_S18_R2_001.fastq.gz	12528211	102
BR192	embryo	B73xMo17	imbibedseed	2	TRUE	/home/springer/data_release/umgc/hiseq/180109_D00635_0322_BCATGLANXX/Springer_Project_058/briggs_pool11_18_Index7_S16_R1_001.fastq.gz	/home/springer/data_release/umgc/hiseq/180109_D00635_0322_BCATGLANXX/Springer_Project_058/briggs_pool11_18_Index7_S16_R2_001.fastq.gz	16939295	102
BR193	leaf	B73	seedling_11DAS	1	TRUE	/home/springer/data_release/umgc/hiseq/180109_D00635_0322_BCATGLANXX/Springer_Project_058/briggs_pool11_18_Index10_S2_R1_001.fastq.gz	/home/springer/data_release/umgc/hiseq/180109_D00635_0322_BCATGLANXX/Springer_Project_058/briggs_pool11_18_Index10_S2_R2_001.fastq.gz	12931365	102
BR194	leaf	B73	seedling_11DAS	2	TRUE	/home/springer/data_release/umgc/hiseq/180109_D00635_0322_BCATGLANXX/Springer_Project_058/briggs_pool11_18_Index12_S4_R1_001.fastq.gz	/home/springer/data_release/umgc/hiseq/180109_D00635_0322_BCATGLANXX/Springer_Project_058/briggs_pool11_18_Index12_S4_R2_001.fastq.gz	12993398	102
BR195	leaf	B73	seedling_11DAS	3	TRUE	/home/springer/data_release/umgc/hiseq/180109_D00635_0322_BCATGLANXX/Springer_Project_058/briggs_pool11_18_Index11_S3_R1_001.fastq.gz	/home/springer/data_release/umgc/hiseq/180109_D00635_0322_BCATGLANXX/Springer_Project_058/briggs_pool11_18_Index11_S3_R2_001.fastq.gz	12944343	102
BR196	leaf	Mo17	seedling_11DAS	1	TRUE	/home/springer/data_release/umgc/hiseq/180109_D00635_0322_BCATGLANXX/Springer_Project_058/briggs_pool11_18_Index13_S5_R1_001.fastq.gz	/home/springer/data_release/umgc/hiseq/180109_D00635_0322_BCATGLANXX/Springer_Project_058/briggs_pool11_18_Index13_S5_R2_001.fastq.gz	13154046	102
BR197	leaf	Mo17	seedling_11DAS	2	TRUE	/home/springer/data_release/umgc/hiseq/180109_D00635_0322_BCATGLANXX/Springer_Project_058/briggs_pool11_18_Index20_S9_R1_001.fastq.gz	/home/springer/data_release/umgc/hiseq/180109_D00635_0322_BCATGLANXX/Springer_Project_058/briggs_pool11_18_Index20_S9_R2_001.fastq.gz	14456660	102
BR198	leaf	Mo17	seedling_11DAS	3	TRUE	/home/springer/data_release/umgc/hiseq/180109_D00635_0322_BCATGLANXX/Springer_Project_058/briggs_pool11_18_Index14_S6_R1_001.fastq.gz	/home/springer/data_release/umgc/hiseq/180109_D00635_0322_BCATGLANXX/Springer_Project_058/briggs_pool11_18_Index14_S6_R2_001.fastq.gz	12627543	102
BR199	leaf	B73xMo17	seedling_11DAS	1	TRUE	/home/springer/data_release/umgc/hiseq/180109_D00635_0322_BCATGLANXX/Springer_Project_058/briggs_pool11_18_Index21_S10_R1_001.fastq.gz	/home/springer/data_release/umgc/hiseq/180109_D00635_0322_BCATGLANXX/Springer_Project_058/briggs_pool11_18_Index21_S10_R2_001.fastq.gz	13369929	102
BR200	leaf	B73xMo17	seedling_11DAS	2	TRUE	/home/springer/data_release/umgc/hiseq/180109_D00635_0322_BCATGLANXX/Springer_Project_058/briggs_pool11_18_Index15_S7_R1_001.fastq.gz	/home/springer/data_release/umgc/hiseq/180109_D00635_0322_BCATGLANXX/Springer_Project_058/briggs_pool11_18_Index15_S7_R2_001.fastq.gz	12269095	102
BR201	leaf	B73xMo17	seedling_11DAS	3	TRUE	/home/springer/data_release/umgc/hiseq/180109_D00635_0322_BCATGLANXX/Springer_Project_058/briggs_pool11_18_Index22_S11_R1_001.fastq.gz	/home/springer/data_release/umgc/hiseq/180109_D00635_0322_BCATGLANXX/Springer_Project_058/briggs_pool11_18_Index22_S11_R2_001.fastq.gz	16931135	102
BR202	root	B73	seedling_11DAS	1	TRUE	/home/springer/data_release/umgc/hiseq/180109_D00635_0322_BCATGLANXX/Springer_Project_058/briggs_pool12_18_Index2_S26_R1_001.fastq.gz	/home/springer/data_release/umgc/hiseq/180109_D00635_0322_BCATGLANXX/Springer_Project_058/briggs_pool12_18_Index2_S26_R2_001.fastq.gz	14286923	102
BR203	root	B73	seedling_11DAS	2	TRUE	/home/springer/data_release/umgc/hiseq/180109_D00635_0322_BCATGLANXX/Springer_Project_058/briggs_pool12_18_Index1_S19_R1_001.fastq.gz	/home/springer/data_release/umgc/hiseq/180109_D00635_0322_BCATGLANXX/Springer_Project_058/briggs_pool12_18_Index1_S19_R2_001.fastq.gz	13799806	102
BR204	root	B73	seedling_11DAS	3	TRUE	/home/springer/data_release/umgc/hiseq/180109_D00635_0322_BCATGLANXX/Springer_Project_058/briggs_pool12_18_Index4_S31_R1_001.fastq.gz	/home/springer/data_release/umgc/hiseq/180109_D00635_0322_BCATGLANXX/Springer_Project_058/briggs_pool12_18_Index4_S31_R2_001.fastq.gz	12973928	102
BR187	embryo	Mo17	imbibedseed	4	TRUE	/home/springer/data_release/umgc/hiseq/180109_D00635_0322_BCATGLANXX/Springer_Project_058/briggs_pool12_18_Index3_S30_R1_001.fastq.gz	/home/springer/data_release/umgc/hiseq/180109_D00635_0322_BCATGLANXX/Springer_Project_058/briggs_pool12_18_Index3_S30_R2_001.fastq.gz	12018006	102
BR206	root	Mo17	seedling_11DAS	1	TRUE	/home/springer/data_release/umgc/hiseq/180109_D00635_0322_BCATGLANXX/Springer_Project_058/briggs_pool12_18_Index5_S32_R1_001.fastq.gz	/home/springer/data_release/umgc/hiseq/180109_D00635_0322_BCATGLANXX/Springer_Project_058/briggs_pool12_18_Index5_S32_R2_001.fastq.gz	11969669	102
BR208	root	B73xMo17	seedling_11DAS	1	TRUE	/home/springer/data_release/umgc/hiseq/180109_D00635_0322_BCATGLANXX/Springer_Project_058/briggs_pool12_18_Index6_S33_R1_001.fastq.gz	/home/springer/data_release/umgc/hiseq/180109_D00635_0322_BCATGLANXX/Springer_Project_058/briggs_pool12_18_Index6_S33_R2_001.fastq.gz	14247885	102
BR209	root	B73xMo17	seedling_11DAS	2	TRUE	/home/springer/data_release/umgc/hiseq/180109_D00635_0322_BCATGLANXX/Springer_Project_058/briggs_pool12_18_Index9_S36_R1_001.fastq.gz	/home/springer/data_release/umgc/hiseq/180109_D00635_0322_BCATGLANXX/Springer_Project_058/briggs_pool12_18_Index9_S36_R2_001.fastq.gz	12311137	102
BR211	meristem	B73	seedling_11DAS	1	TRUE	/home/springer/data_release/umgc/hiseq/180109_D00635_0322_BCATGLANXX/Springer_Project_058/briggs_pool12_18_Index10_S20_R1_001.fastq.gz	/home/springer/data_release/umgc/hiseq/180109_D00635_0322_BCATGLANXX/Springer_Project_058/briggs_pool12_18_Index10_S20_R2_001.fastq.gz	15300678	102
BR212	meristem	B73	seedling_11DAS	2	TRUE	/home/springer/data_release/umgc/hiseq/180109_D00635_0322_BCATGLANXX/Springer_Project_058/briggs_pool12_18_Index12_S22_R1_001.fastq.gz	/home/springer/data_release/umgc/hiseq/180109_D00635_0322_BCATGLANXX/Springer_Project_058/briggs_pool12_18_Index12_S22_R2_001.fastq.gz	13228641	102
BR213	meristem	B73	seedling_11DAS	3	TRUE	/home/springer/data_release/umgc/hiseq/180109_D00635_0322_BCATGLANXX/Springer_Project_058/briggs_pool12_18_Index11_S21_R1_001.fastq.gz	/home/springer/data_release/umgc/hiseq/180109_D00635_0322_BCATGLANXX/Springer_Project_058/briggs_pool12_18_Index11_S21_R2_001.fastq.gz	14690786	102
BR214	meristem	Mo17	seedling_11DAS	1	TRUE	/home/springer/data_release/umgc/hiseq/180109_D00635_0322_BCATGLANXX/Springer_Project_058/briggs_pool12_18_Index13_S23_R1_001.fastq.gz	/home/springer/data_release/umgc/hiseq/180109_D00635_0322_BCATGLANXX/Springer_Project_058/briggs_pool12_18_Index13_S23_R2_001.fastq.gz	17091762	102
BR215	meristem	Mo17	seedling_11DAS	2	TRUE	/home/springer/data_release/umgc/hiseq/180109_D00635_0322_BCATGLANXX/Springer_Project_058/briggs_pool12_18_Index20_S27_R1_001.fastq.gz	/home/springer/data_release/umgc/hiseq/180109_D00635_0322_BCATGLANXX/Springer_Project_058/briggs_pool12_18_Index20_S27_R2_001.fastq.gz	14961784	102
BR216	meristem	Mo17	seedling_11DAS	3	TRUE	/home/springer/data_release/umgc/hiseq/180109_D00635_0322_BCATGLANXX/Springer_Project_058/briggs_pool12_18_Index14_S24_R1_001.fastq.gz	/home/springer/data_release/umgc/hiseq/180109_D00635_0322_BCATGLANXX/Springer_Project_058/briggs_pool12_18_Index14_S24_R2_001.fastq.gz	14085672	102
BR217	meristem	B73xMo17	seedling_11DAS	1	TRUE	/home/springer/data_release/umgc/hiseq/180109_D00635_0322_BCATGLANXX/Springer_Project_058/briggs_pool12_18_Index21_S28_R1_001.fastq.gz	/home/springer/data_release/umgc/hiseq/180109_D00635_0322_BCATGLANXX/Springer_Project_058/briggs_pool12_18_Index21_S28_R2_001.fastq.gz	15456137	102
BR218	meristem	B73xMo17	seedling_11DAS	2	TRUE	/home/springer/data_release/umgc/hiseq/180109_D00635_0322_BCATGLANXX/Springer_Project_058/briggs_pool12_18_Index15_S25_R1_001.fastq.gz	/home/springer/data_release/umgc/hiseq/180109_D00635_0322_BCATGLANXX/Springer_Project_058/briggs_pool12_18_Index15_S25_R2_001.fastq.gz	14791193	102
BR219	meristem	B73xMo17	seedling_11DAS	3	TRUE	/home/springer/data_release/umgc/hiseq/180109_D00635_0322_BCATGLANXX/Springer_Project_058/briggs_pool12_18_Index22_S29_R1_001.fastq.gz	/home/springer/data_release/umgc/hiseq/180109_D00635_0322_BCATGLANXX/Springer_Project_058/briggs_pool12_18_Index22_S29_R2_001.fastq.gz	13255400	102
