SampleID	Tissue	Genotype	Treatment	Replicate	paired	r0	r1	r2
mBR502	seedling_root	B73	m	2	PE		/home/springer/zhoux379/projects/s3/zhoup-barn/zm.rn20b/191023_A00223_0239_AHGLLLDRXX/Springer_Project_065_Pool6/mBR502_S19_R1_001.fastq.gz	/home/springer/zhoux379/projects/s3/zhoup-barn/zm.rn20b/191023_A00223_0239_AHGLLLDRXX/Springer_Project_065_Pool6/mBR502_S19_R2_001.fastq.gz
mBR503	seedling_root	B73	m	3	PE		/home/springer/zhoux379/projects/s3/zhoup-barn/zm.rn20b/191023_A00223_0239_AHGLLLDRXX/Springer_Project_065_Pool6/mBR503_S20_R1_001.fastq.gz	/home/springer/zhoux379/projects/s3/zhoup-barn/zm.rn20b/191023_A00223_0239_AHGLLLDRXX/Springer_Project_065_Pool6/mBR503_S20_R2_001.fastq.gz
mBR504	seedling_root	B73	m	4	PE		/home/springer/zhoux379/projects/s3/zhoup-barn/zm.rn20b/191023_A00223_0239_AHGLLLDRXX/Springer_Project_065_Pool6/mBR504_S21_R1_001.fastq.gz	/home/springer/zhoux379/projects/s3/zhoup-barn/zm.rn20b/191023_A00223_0239_AHGLLLDRXX/Springer_Project_065_Pool6/mBR504_S21_R2_001.fastq.gz
mBR506	seedling_root	B84	m	2	PE		/home/springer/zhoux379/projects/s3/zhoup-barn/zm.rn20b/191023_A00223_0239_AHGLLLDRXX/Springer_Project_065_Pool6/mBR506_S22_R1_001.fastq.gz	/home/springer/zhoux379/projects/s3/zhoup-barn/zm.rn20b/191023_A00223_0239_AHGLLLDRXX/Springer_Project_065_Pool6/mBR506_S22_R2_001.fastq.gz
mBR507	seedling_root	B84	m	3	PE		/home/springer/zhoux379/projects/s3/zhoup-barn/zm.rn20b/191023_A00223_0239_AHGLLLDRXX/Springer_Project_065_Pool6/mBR507_S23_R1_001.fastq.gz	/home/springer/zhoux379/projects/s3/zhoup-barn/zm.rn20b/191023_A00223_0239_AHGLLLDRXX/Springer_Project_065_Pool6/mBR507_S23_R2_001.fastq.gz
mBR508	seedling_root	B84	m	4	PE		/home/springer/zhoux379/projects/s3/zhoup-barn/zm.rn20b/191023_A00223_0239_AHGLLLDRXX/Springer_Project_065_Pool6/mBR508_S24_R1_001.fastq.gz	/home/springer/zhoux379/projects/s3/zhoup-barn/zm.rn20b/191023_A00223_0239_AHGLLLDRXX/Springer_Project_065_Pool6/mBR508_S24_R2_001.fastq.gz
mBR510	seedling_root	Mo17	m	2	PE		/home/springer/zhoux379/projects/s3/zhoup-barn/zm.rn20b/191023_A00223_0239_AHGLLLDRXX/Springer_Project_065_Pool6/mBR510_S25_R1_001.fastq.gz	/home/springer/zhoux379/projects/s3/zhoup-barn/zm.rn20b/191023_A00223_0239_AHGLLLDRXX/Springer_Project_065_Pool6/mBR510_S25_R2_001.fastq.gz
mBR511	seedling_root	Mo17	m	3	PE		/home/springer/zhoux379/projects/s3/zhoup-barn/zm.rn20b/191023_A00223_0239_AHGLLLDRXX/Springer_Project_065_Pool6/mBR511_S26_R1_001.fastq.gz	/home/springer/zhoux379/projects/s3/zhoup-barn/zm.rn20b/191023_A00223_0239_AHGLLLDRXX/Springer_Project_065_Pool6/mBR511_S26_R2_001.fastq.gz
mBR512	seedling_root	Mo17	m	4	PE		/home/springer/zhoux379/projects/s3/zhoup-barn/zm.rn20b/191023_A00223_0239_AHGLLLDRXX/Springer_Project_065_Pool6/mBR512_S27_R1_001.fastq.gz	/home/springer/zhoux379/projects/s3/zhoup-barn/zm.rn20b/191023_A00223_0239_AHGLLLDRXX/Springer_Project_065_Pool6/mBR512_S27_R2_001.fastq.gz
mBR514	seedling_root	A682	m	2	PE		/home/springer/zhoux379/projects/s3/zhoup-barn/zm.rn20b/191023_A00223_0239_AHGLLLDRXX/Springer_Project_065_Pool6/mBR514_S28_R1_001.fastq.gz	/home/springer/zhoux379/projects/s3/zhoup-barn/zm.rn20b/191023_A00223_0239_AHGLLLDRXX/Springer_Project_065_Pool6/mBR514_S28_R2_001.fastq.gz
mBR515	seedling_root	A682	m	3	PE		/home/springer/zhoux379/projects/s3/zhoup-barn/zm.rn20b/191023_A00223_0239_AHGLLLDRXX/Springer_Project_065_Pool6/mBR515_S29_R1_001.fastq.gz	/home/springer/zhoux379/projects/s3/zhoup-barn/zm.rn20b/191023_A00223_0239_AHGLLLDRXX/Springer_Project_065_Pool6/mBR515_S29_R2_001.fastq.gz
mBR516	seedling_root	A682	m	4	PE		/home/springer/zhoux379/projects/s3/zhoup-barn/zm.rn20b/191023_A00223_0239_AHGLLLDRXX/Springer_Project_065_Pool6/mBR516_S30_R1_001.fastq.gz	/home/springer/zhoux379/projects/s3/zhoup-barn/zm.rn20b/191023_A00223_0239_AHGLLLDRXX/Springer_Project_065_Pool6/mBR516_S30_R2_001.fastq.gz
mBR518	seedling_root	B73xMo17	m	2	PE		/home/springer/zhoux379/projects/s3/zhoup-barn/zm.rn20b/191023_A00223_0239_AHGLLLDRXX/Springer_Project_065_Pool6/mBR518_S31_R1_001.fastq.gz	/home/springer/zhoux379/projects/s3/zhoup-barn/zm.rn20b/191023_A00223_0239_AHGLLLDRXX/Springer_Project_065_Pool6/mBR518_S31_R2_001.fastq.gz
mBR519	seedling_root	B73xMo17	m	3	PE		/home/springer/zhoux379/projects/s3/zhoup-barn/zm.rn20b/191023_A00223_0239_AHGLLLDRXX/Springer_Project_065_Pool6/mBR519_S32_R1_001.fastq.gz	/home/springer/zhoux379/projects/s3/zhoup-barn/zm.rn20b/191023_A00223_0239_AHGLLLDRXX/Springer_Project_065_Pool6/mBR519_S32_R2_001.fastq.gz
mBR520	seedling_root	B73xMo17	m	4	PE		/home/springer/zhoux379/projects/s3/zhoup-barn/zm.rn20b/191023_A00223_0239_AHGLLLDRXX/Springer_Project_065_Pool6/mBR520_S33_R1_001.fastq.gz	/home/springer/zhoux379/projects/s3/zhoup-barn/zm.rn20b/191023_A00223_0239_AHGLLLDRXX/Springer_Project_065_Pool6/mBR520_S33_R2_001.fastq.gz
mBR522	seedling_root	Mo17xB73	m	2	PE		/home/springer/zhoux379/projects/s3/zhoup-barn/zm.rn20b/191023_A00223_0239_AHGLLLDRXX/Springer_Project_065_Pool6/mBR522_S34_R1_001.fastq.gz	/home/springer/zhoux379/projects/s3/zhoup-barn/zm.rn20b/191023_A00223_0239_AHGLLLDRXX/Springer_Project_065_Pool6/mBR522_S34_R2_001.fastq.gz
mBR523	seedling_root	Mo17xB73	m	3	PE		/home/springer/zhoux379/projects/s3/zhoup-barn/zm.rn20b/191023_A00223_0239_AHGLLLDRXX/Springer_Project_065_Pool6/mBR523_S35_R1_001.fastq.gz	/home/springer/zhoux379/projects/s3/zhoup-barn/zm.rn20b/191023_A00223_0239_AHGLLLDRXX/Springer_Project_065_Pool6/mBR523_S35_R2_001.fastq.gz
mBR524	seedling_root	Mo17xB73	m	4	PE		/home/springer/zhoux379/projects/s3/zhoup-barn/zm.rn20b/191023_A00223_0239_AHGLLLDRXX/Springer_Project_065_Pool6/mBR524_S36_R1_001.fastq.gz	/home/springer/zhoux379/projects/s3/zhoup-barn/zm.rn20b/191023_A00223_0239_AHGLLLDRXX/Springer_Project_065_Pool6/mBR524_S36_R2_001.fastq.gz
mBR526	seedling_root	B84xB73	m	2	PE		/home/springer/zhoux379/projects/s3/zhoup-barn/zm.rn20b/191023_A00223_0239_AHGLLLDRXX/Springer_Project_065_Pool6/mBR526_S37_R1_001.fastq.gz	/home/springer/zhoux379/projects/s3/zhoup-barn/zm.rn20b/191023_A00223_0239_AHGLLLDRXX/Springer_Project_065_Pool6/mBR526_S37_R2_001.fastq.gz
mBR527	seedling_root	B84xB73	m	3	PE		/home/springer/zhoux379/projects/s3/zhoup-barn/zm.rn20b/191023_A00223_0239_AHGLLLDRXX/Springer_Project_065_Pool6/mBR527_S38_R1_001.fastq.gz	/home/springer/zhoux379/projects/s3/zhoup-barn/zm.rn20b/191023_A00223_0239_AHGLLLDRXX/Springer_Project_065_Pool6/mBR527_S38_R2_001.fastq.gz
mBR528	seedling_root	B84xB73	m	4	PE		/home/springer/zhoux379/projects/s3/zhoup-barn/zm.rn20b/191023_A00223_0239_AHGLLLDRXX/Springer_Project_065_Pool6/mBR528_S39_R1_001.fastq.gz	/home/springer/zhoux379/projects/s3/zhoup-barn/zm.rn20b/191023_A00223_0239_AHGLLLDRXX/Springer_Project_065_Pool6/mBR528_S39_R2_001.fastq.gz
mBR530	seedling_root	B84xMo17	m	2	PE		/home/springer/zhoux379/projects/s3/zhoup-barn/zm.rn20b/191023_A00223_0239_AHGLLLDRXX/Springer_Project_065_Pool6/mBR530_S40_R1_001.fastq.gz	/home/springer/zhoux379/projects/s3/zhoup-barn/zm.rn20b/191023_A00223_0239_AHGLLLDRXX/Springer_Project_065_Pool6/mBR530_S40_R2_001.fastq.gz
mBR531	seedling_root	B84xMo17	m	3	PE		/home/springer/zhoux379/projects/s3/zhoup-barn/zm.rn20b/191023_A00223_0239_AHGLLLDRXX/Springer_Project_065_Pool6/mBR531_S41_R1_001.fastq.gz	/home/springer/zhoux379/projects/s3/zhoup-barn/zm.rn20b/191023_A00223_0239_AHGLLLDRXX/Springer_Project_065_Pool6/mBR531_S41_R2_001.fastq.gz
mBR532	seedling_root	B84xMo17	m	4	PE		/home/springer/zhoux379/projects/s3/zhoup-barn/zm.rn20b/191023_A00223_0239_AHGLLLDRXX/Springer_Project_065_Pool6/mBR532_S42_R1_001.fastq.gz	/home/springer/zhoux379/projects/s3/zhoup-barn/zm.rn20b/191023_A00223_0239_AHGLLLDRXX/Springer_Project_065_Pool6/mBR532_S42_R2_001.fastq.gz
mBR534	seedling_root	A682xB73	m	2	PE		/home/springer/zhoux379/projects/s3/zhoup-barn/zm.rn20b/191023_A00223_0239_AHGLLLDRXX/Springer_Project_065_Pool6/mBR534_S43_R1_001.fastq.gz	/home/springer/zhoux379/projects/s3/zhoup-barn/zm.rn20b/191023_A00223_0239_AHGLLLDRXX/Springer_Project_065_Pool6/mBR534_S43_R2_001.fastq.gz
mBR535	seedling_root	A682xB73	m	3	PE		/home/springer/zhoux379/projects/s3/zhoup-barn/zm.rn20b/191023_A00223_0239_AHGLLLDRXX/Springer_Project_065_Pool6/mBR535_S44_R1_001.fastq.gz	/home/springer/zhoux379/projects/s3/zhoup-barn/zm.rn20b/191023_A00223_0239_AHGLLLDRXX/Springer_Project_065_Pool6/mBR535_S44_R2_001.fastq.gz
mBR536	seedling_root	A682xB73	m	4	PE		/home/springer/zhoux379/projects/s3/zhoup-barn/zm.rn20b/191023_A00223_0239_AHGLLLDRXX/Springer_Project_065_Pool6/mBR536_S45_R1_001.fastq.gz	/home/springer/zhoux379/projects/s3/zhoup-barn/zm.rn20b/191023_A00223_0239_AHGLLLDRXX/Springer_Project_065_Pool6/mBR536_S45_R2_001.fastq.gz
mBR538	seedling_root	A682xMo17	m	2	PE		/home/springer/zhoux379/projects/s3/zhoup-barn/zm.rn20b/191023_A00223_0239_AHGLLLDRXX/Springer_Project_065_Pool6/mBR538_S46_R1_001.fastq.gz	/home/springer/zhoux379/projects/s3/zhoup-barn/zm.rn20b/191023_A00223_0239_AHGLLLDRXX/Springer_Project_065_Pool6/mBR538_S46_R2_001.fastq.gz
mBR539	seedling_root	A682xMo17	m	3	PE		/home/springer/zhoux379/projects/s3/zhoup-barn/zm.rn20b/191023_A00223_0239_AHGLLLDRXX/Springer_Project_065_Pool6/mBR539_S47_R1_001.fastq.gz	/home/springer/zhoux379/projects/s3/zhoup-barn/zm.rn20b/191023_A00223_0239_AHGLLLDRXX/Springer_Project_065_Pool6/mBR539_S47_R2_001.fastq.gz
mBR540	seedling_root	A682xMo17	m	4	PE		/home/springer/zhoux379/projects/s3/zhoup-barn/zm.rn20b/191023_A00223_0239_AHGLLLDRXX/Springer_Project_065_Pool6/mBR540_S48_R1_001.fastq.gz	/home/springer/zhoux379/projects/s3/zhoup-barn/zm.rn20b/191023_A00223_0239_AHGLLLDRXX/Springer_Project_065_Pool6/mBR540_S48_R2_001.fastq.gz
mBR542	coleoptile	B73	m	2	PE		/home/springer/zhoux379/projects/s3/zhoup-barn/zm.rn20b/191023_A00223_0238_BHG57FDRXX/Springer_Project_065_Pool7/mBR542_S1_R1_001.fastq.gz	/home/springer/zhoux379/projects/s3/zhoup-barn/zm.rn20b/191023_A00223_0238_BHG57FDRXX/Springer_Project_065_Pool7/mBR542_S1_R2_001.fastq.gz
mBR543	coleoptile	B73	m	3	PE		/home/springer/zhoux379/projects/s3/zhoup-barn/zm.rn20b/191023_A00223_0238_BHG57FDRXX/Springer_Project_065_Pool7/mBR543_S2_R1_001.fastq.gz	/home/springer/zhoux379/projects/s3/zhoup-barn/zm.rn20b/191023_A00223_0238_BHG57FDRXX/Springer_Project_065_Pool7/mBR543_S2_R2_001.fastq.gz
mBR544	coleoptile	B73	m	4	PE		/home/springer/zhoux379/projects/s3/zhoup-barn/zm.rn20b/191023_A00223_0238_BHG57FDRXX/Springer_Project_065_Pool7/mBR544_S3_R1_001.fastq.gz	/home/springer/zhoux379/projects/s3/zhoup-barn/zm.rn20b/191023_A00223_0238_BHG57FDRXX/Springer_Project_065_Pool7/mBR544_S3_R2_001.fastq.gz
mBR546	coleoptile	B84	m	2	PE		/home/springer/zhoux379/projects/s3/zhoup-barn/zm.rn20b/191023_A00223_0238_BHG57FDRXX/Springer_Project_065_Pool7/mBR546_S4_R1_001.fastq.gz	/home/springer/zhoux379/projects/s3/zhoup-barn/zm.rn20b/191023_A00223_0238_BHG57FDRXX/Springer_Project_065_Pool7/mBR546_S4_R2_001.fastq.gz
mBR547	coleoptile	B84	m	3	PE		/home/springer/zhoux379/projects/s3/zhoup-barn/zm.rn20b/191023_A00223_0238_BHG57FDRXX/Springer_Project_065_Pool7/mBR547_S5_R1_001.fastq.gz	/home/springer/zhoux379/projects/s3/zhoup-barn/zm.rn20b/191023_A00223_0238_BHG57FDRXX/Springer_Project_065_Pool7/mBR547_S5_R2_001.fastq.gz
mBR548	coleoptile	B84	m	4	PE		/home/springer/zhoux379/projects/s3/zhoup-barn/zm.rn20b/191023_A00223_0238_BHG57FDRXX/Springer_Project_065_Pool7/mBR548_S6_R1_001.fastq.gz	/home/springer/zhoux379/projects/s3/zhoup-barn/zm.rn20b/191023_A00223_0238_BHG57FDRXX/Springer_Project_065_Pool7/mBR548_S6_R2_001.fastq.gz
mBR550	coleoptile	Mo17	m	2	PE		/home/springer/zhoux379/projects/s3/zhoup-barn/zm.rn20b/191023_A00223_0238_BHG57FDRXX/Springer_Project_065_Pool7/mBR550_S7_R1_001.fastq.gz	/home/springer/zhoux379/projects/s3/zhoup-barn/zm.rn20b/191023_A00223_0238_BHG57FDRXX/Springer_Project_065_Pool7/mBR550_S7_R2_001.fastq.gz
mBR551	coleoptile	Mo17	m	3	PE		/home/springer/zhoux379/projects/s3/zhoup-barn/zm.rn20b/191023_A00223_0238_BHG57FDRXX/Springer_Project_065_Pool7/mBR551_S8_R1_001.fastq.gz	/home/springer/zhoux379/projects/s3/zhoup-barn/zm.rn20b/191023_A00223_0238_BHG57FDRXX/Springer_Project_065_Pool7/mBR551_S8_R2_001.fastq.gz
mBR552	coleoptile	Mo17	m	4	PE		/home/springer/zhoux379/projects/s3/zhoup-barn/zm.rn20b/191023_A00223_0238_BHG57FDRXX/Springer_Project_065_Pool7/mBR552_S9_R1_001.fastq.gz	/home/springer/zhoux379/projects/s3/zhoup-barn/zm.rn20b/191023_A00223_0238_BHG57FDRXX/Springer_Project_065_Pool7/mBR552_S9_R2_001.fastq.gz
mBR554	coleoptile	A682	m	2	PE		/home/springer/zhoux379/projects/s3/zhoup-barn/zm.rn20b/191023_A00223_0238_BHG57FDRXX/Springer_Project_065_Pool7/mBR554_S10_R1_001.fastq.gz	/home/springer/zhoux379/projects/s3/zhoup-barn/zm.rn20b/191023_A00223_0238_BHG57FDRXX/Springer_Project_065_Pool7/mBR554_S10_R2_001.fastq.gz
mBR555	coleoptile	A682	m	3	PE		/home/springer/zhoux379/projects/s3/zhoup-barn/zm.rn20b/191023_A00223_0238_BHG57FDRXX/Springer_Project_065_Pool7/mBR555_S11_R1_001.fastq.gz	/home/springer/zhoux379/projects/s3/zhoup-barn/zm.rn20b/191023_A00223_0238_BHG57FDRXX/Springer_Project_065_Pool7/mBR555_S11_R2_001.fastq.gz
mBR556	coleoptile	A682	m	4	PE		/home/springer/zhoux379/projects/s3/zhoup-barn/zm.rn20b/191023_A00223_0238_BHG57FDRXX/Springer_Project_065_Pool7/mBR556_S12_R1_001.fastq.gz	/home/springer/zhoux379/projects/s3/zhoup-barn/zm.rn20b/191023_A00223_0238_BHG57FDRXX/Springer_Project_065_Pool7/mBR556_S12_R2_001.fastq.gz
mBR558	coleoptile	B73xMo17	m	2	PE		/home/springer/zhoux379/projects/s3/zhoup-barn/zm.rn20b/191023_A00223_0238_BHG57FDRXX/Springer_Project_065_Pool7/mBR558_S13_R1_001.fastq.gz	/home/springer/zhoux379/projects/s3/zhoup-barn/zm.rn20b/191023_A00223_0238_BHG57FDRXX/Springer_Project_065_Pool7/mBR558_S13_R2_001.fastq.gz
mBR559	coleoptile	B73xMo17	m	3	PE		/home/springer/zhoux379/projects/s3/zhoup-barn/zm.rn20b/191023_A00223_0238_BHG57FDRXX/Springer_Project_065_Pool7/mBR559_S14_R1_001.fastq.gz	/home/springer/zhoux379/projects/s3/zhoup-barn/zm.rn20b/191023_A00223_0238_BHG57FDRXX/Springer_Project_065_Pool7/mBR559_S14_R2_001.fastq.gz
mBR560	coleoptile	B73xMo17	m	4	PE		/home/springer/zhoux379/projects/s3/zhoup-barn/zm.rn20b/191023_A00223_0238_BHG57FDRXX/Springer_Project_065_Pool7/mBR560_S15_R1_001.fastq.gz	/home/springer/zhoux379/projects/s3/zhoup-barn/zm.rn20b/191023_A00223_0238_BHG57FDRXX/Springer_Project_065_Pool7/mBR560_S15_R2_001.fastq.gz
mBR562	coleoptile	Mo17xB73	m	2	PE		/home/springer/zhoux379/projects/s3/zhoup-barn/zm.rn20b/191023_A00223_0238_BHG57FDRXX/Springer_Project_065_Pool7/mBR562_S16_R1_001.fastq.gz	/home/springer/zhoux379/projects/s3/zhoup-barn/zm.rn20b/191023_A00223_0238_BHG57FDRXX/Springer_Project_065_Pool7/mBR562_S16_R2_001.fastq.gz
mBR563	coleoptile	Mo17xB73	m	3	PE		/home/springer/zhoux379/projects/s3/zhoup-barn/zm.rn20b/191023_A00223_0238_BHG57FDRXX/Springer_Project_065_Pool7/mBR563_S17_R1_001.fastq.gz	/home/springer/zhoux379/projects/s3/zhoup-barn/zm.rn20b/191023_A00223_0238_BHG57FDRXX/Springer_Project_065_Pool7/mBR563_S17_R2_001.fastq.gz
mBR564	coleoptile	Mo17xB73	m	4	PE		/home/springer/zhoux379/projects/s3/zhoup-barn/zm.rn20b/191023_A00223_0238_BHG57FDRXX/Springer_Project_065_Pool7/mBR564_S18_R1_001.fastq.gz	/home/springer/zhoux379/projects/s3/zhoup-barn/zm.rn20b/191023_A00223_0238_BHG57FDRXX/Springer_Project_065_Pool7/mBR564_S18_R2_001.fastq.gz
mBR566	coleoptile	B84xB73	m	2	PE		/home/springer/zhoux379/projects/s3/zhoup-barn/zm.rn20b/191023_A00223_0238_BHG57FDRXX/Springer_Project_065_Pool7/mBR566_S19_R1_001.fastq.gz	/home/springer/zhoux379/projects/s3/zhoup-barn/zm.rn20b/191023_A00223_0238_BHG57FDRXX/Springer_Project_065_Pool7/mBR566_S19_R2_001.fastq.gz
mBR567	coleoptile	B84xB73	m	3	PE		/home/springer/zhoux379/projects/s3/zhoup-barn/zm.rn20b/191023_A00223_0238_BHG57FDRXX/Springer_Project_065_Pool7/mBR567_S20_R1_001.fastq.gz	/home/springer/zhoux379/projects/s3/zhoup-barn/zm.rn20b/191023_A00223_0238_BHG57FDRXX/Springer_Project_065_Pool7/mBR567_S20_R2_001.fastq.gz
mBR568	coleoptile	B84xB73	m	4	PE		/home/springer/zhoux379/projects/s3/zhoup-barn/zm.rn20b/191023_A00223_0238_BHG57FDRXX/Springer_Project_065_Pool7/mBR568_S21_R1_001.fastq.gz	/home/springer/zhoux379/projects/s3/zhoup-barn/zm.rn20b/191023_A00223_0238_BHG57FDRXX/Springer_Project_065_Pool7/mBR568_S21_R2_001.fastq.gz
mBR570	coleoptile	B84xMo17	m	2	PE		/home/springer/zhoux379/projects/s3/zhoup-barn/zm.rn20b/191023_A00223_0238_BHG57FDRXX/Springer_Project_065_Pool7/mBR570_S22_R1_001.fastq.gz	/home/springer/zhoux379/projects/s3/zhoup-barn/zm.rn20b/191023_A00223_0238_BHG57FDRXX/Springer_Project_065_Pool7/mBR570_S22_R2_001.fastq.gz
mBR571	coleoptile	B84xMo17	m	3	PE		/home/springer/zhoux379/projects/s3/zhoup-barn/zm.rn20b/191023_A00223_0238_BHG57FDRXX/Springer_Project_065_Pool7/mBR571_S23_R1_001.fastq.gz	/home/springer/zhoux379/projects/s3/zhoup-barn/zm.rn20b/191023_A00223_0238_BHG57FDRXX/Springer_Project_065_Pool7/mBR571_S23_R2_001.fastq.gz
mBR572	coleoptile	B84xMo17	m	4	PE		/home/springer/zhoux379/projects/s3/zhoup-barn/zm.rn20b/191023_A00223_0238_BHG57FDRXX/Springer_Project_065_Pool7/mBR572_S24_R1_001.fastq.gz	/home/springer/zhoux379/projects/s3/zhoup-barn/zm.rn20b/191023_A00223_0238_BHG57FDRXX/Springer_Project_065_Pool7/mBR572_S24_R2_001.fastq.gz
mBR574	coleoptile	A682xB73	m	2	PE		/home/springer/zhoux379/projects/s3/zhoup-barn/zm.rn20b/191023_A00223_0238_BHG57FDRXX/Springer_Project_065_Pool7/mBR574_S25_R1_001.fastq.gz	/home/springer/zhoux379/projects/s3/zhoup-barn/zm.rn20b/191023_A00223_0238_BHG57FDRXX/Springer_Project_065_Pool7/mBR574_S25_R2_001.fastq.gz
mBR575	coleoptile	A682xB73	m	3	PE		/home/springer/zhoux379/projects/s3/zhoup-barn/zm.rn20b/191023_A00223_0238_BHG57FDRXX/Springer_Project_065_Pool7/mBR575_S26_R1_001.fastq.gz	/home/springer/zhoux379/projects/s3/zhoup-barn/zm.rn20b/191023_A00223_0238_BHG57FDRXX/Springer_Project_065_Pool7/mBR575_S26_R2_001.fastq.gz
mBR576	coleoptile	A682xB73	m	4	PE		/home/springer/zhoux379/projects/s3/zhoup-barn/zm.rn20b/191023_A00223_0238_BHG57FDRXX/Springer_Project_065_Pool7/mBR576_S27_R1_001.fastq.gz	/home/springer/zhoux379/projects/s3/zhoup-barn/zm.rn20b/191023_A00223_0238_BHG57FDRXX/Springer_Project_065_Pool7/mBR576_S27_R2_001.fastq.gz
mBR578	coleoptile	A682xMo17	m	2	PE		/home/springer/zhoux379/projects/s3/zhoup-barn/zm.rn20b/191023_A00223_0238_BHG57FDRXX/Springer_Project_065_Pool7/mBR578_S28_R1_001.fastq.gz	/home/springer/zhoux379/projects/s3/zhoup-barn/zm.rn20b/191023_A00223_0238_BHG57FDRXX/Springer_Project_065_Pool7/mBR578_S28_R2_001.fastq.gz
mBR579	coleoptile	A682xMo17	m	3	PE		/home/springer/zhoux379/projects/s3/zhoup-barn/zm.rn20b/191023_A00223_0238_BHG57FDRXX/Springer_Project_065_Pool7/mBR579_S29_R1_001.fastq.gz	/home/springer/zhoux379/projects/s3/zhoup-barn/zm.rn20b/191023_A00223_0238_BHG57FDRXX/Springer_Project_065_Pool7/mBR579_S29_R2_001.fastq.gz
mBR580	coleoptile	A682xMo17	m	4	PE		/home/springer/zhoux379/projects/s3/zhoup-barn/zm.rn20b/191023_A00223_0238_BHG57FDRXX/Springer_Project_065_Pool7/mBR580_S30_R1_001.fastq.gz	/home/springer/zhoux379/projects/s3/zhoup-barn/zm.rn20b/191023_A00223_0238_BHG57FDRXX/Springer_Project_065_Pool7/mBR580_S30_R2_001.fastq.gz
mBR582	leaf_V2	B73	m	2	PE		/home/springer/zhoux379/projects/s3/zhoup-barn/zm.rn20b/191023_A00223_0238_BHG57FDRXX/Springer_Project_065_Pool8/mBR582_S31_R1_001.fastq.gz	/home/springer/zhoux379/projects/s3/zhoup-barn/zm.rn20b/191023_A00223_0238_BHG57FDRXX/Springer_Project_065_Pool8/mBR582_S31_R2_001.fastq.gz
mBR583	leaf_V2	B73	m	3	PE		/home/springer/zhoux379/projects/s3/zhoup-barn/zm.rn20b/191023_A00223_0238_BHG57FDRXX/Springer_Project_065_Pool8/mBR583_S32_R1_001.fastq.gz	/home/springer/zhoux379/projects/s3/zhoup-barn/zm.rn20b/191023_A00223_0238_BHG57FDRXX/Springer_Project_065_Pool8/mBR583_S32_R2_001.fastq.gz
mBR584	leaf_V2	B73	m	4	PE		/home/springer/zhoux379/projects/s3/zhoup-barn/zm.rn20b/191023_A00223_0238_BHG57FDRXX/Springer_Project_065_Pool8/mBR584_S33_R1_001.fastq.gz	/home/springer/zhoux379/projects/s3/zhoup-barn/zm.rn20b/191023_A00223_0238_BHG57FDRXX/Springer_Project_065_Pool8/mBR584_S33_R2_001.fastq.gz
mBR586	leaf_V2	B84	m	2	PE		/home/springer/zhoux379/projects/s3/zhoup-barn/zm.rn20b/191023_A00223_0238_BHG57FDRXX/Springer_Project_065_Pool8/mBR586_S34_R1_001.fastq.gz	/home/springer/zhoux379/projects/s3/zhoup-barn/zm.rn20b/191023_A00223_0238_BHG57FDRXX/Springer_Project_065_Pool8/mBR586_S34_R2_001.fastq.gz
mBR587	leaf_V2	B84	m	3	PE		/home/springer/zhoux379/projects/s3/zhoup-barn/zm.rn20b/191023_A00223_0238_BHG57FDRXX/Springer_Project_065_Pool8/mBR587_S35_R1_001.fastq.gz	/home/springer/zhoux379/projects/s3/zhoup-barn/zm.rn20b/191023_A00223_0238_BHG57FDRXX/Springer_Project_065_Pool8/mBR587_S35_R2_001.fastq.gz
mBR588	leaf_V2	B84	m	4	PE		/home/springer/zhoux379/projects/s3/zhoup-barn/zm.rn20b/191023_A00223_0238_BHG57FDRXX/Springer_Project_065_Pool8/mBR588_S36_R1_001.fastq.gz	/home/springer/zhoux379/projects/s3/zhoup-barn/zm.rn20b/191023_A00223_0238_BHG57FDRXX/Springer_Project_065_Pool8/mBR588_S36_R2_001.fastq.gz
mBR590	leaf_V2	Mo17	m	2	PE		/home/springer/zhoux379/projects/s3/zhoup-barn/zm.rn20b/191023_A00223_0238_BHG57FDRXX/Springer_Project_065_Pool8/mBR590_S37_R1_001.fastq.gz	/home/springer/zhoux379/projects/s3/zhoup-barn/zm.rn20b/191023_A00223_0238_BHG57FDRXX/Springer_Project_065_Pool8/mBR590_S37_R2_001.fastq.gz
mBR591	leaf_V2	Mo17	m	3	PE		/home/springer/zhoux379/projects/s3/zhoup-barn/zm.rn20b/191023_A00223_0238_BHG57FDRXX/Springer_Project_065_Pool8/mBR591_S38_R1_001.fastq.gz	/home/springer/zhoux379/projects/s3/zhoup-barn/zm.rn20b/191023_A00223_0238_BHG57FDRXX/Springer_Project_065_Pool8/mBR591_S38_R2_001.fastq.gz
mBR592	leaf_V2	Mo17	m	4	PE		/home/springer/zhoux379/projects/s3/zhoup-barn/zm.rn20b/191023_A00223_0238_BHG57FDRXX/Springer_Project_065_Pool8/mBR592_S39_R1_001.fastq.gz	/home/springer/zhoux379/projects/s3/zhoup-barn/zm.rn20b/191023_A00223_0238_BHG57FDRXX/Springer_Project_065_Pool8/mBR592_S39_R2_001.fastq.gz
mBR594	leaf_V2	A682	m	2	PE		/home/springer/zhoux379/projects/s3/zhoup-barn/zm.rn20b/191023_A00223_0238_BHG57FDRXX/Springer_Project_065_Pool8/mBR594_S40_R1_001.fastq.gz	/home/springer/zhoux379/projects/s3/zhoup-barn/zm.rn20b/191023_A00223_0238_BHG57FDRXX/Springer_Project_065_Pool8/mBR594_S40_R2_001.fastq.gz
mBR595	leaf_V2	A682	m	3	PE		/home/springer/zhoux379/projects/s3/zhoup-barn/zm.rn20b/191023_A00223_0238_BHG57FDRXX/Springer_Project_065_Pool8/mBR595_S41_R1_001.fastq.gz	/home/springer/zhoux379/projects/s3/zhoup-barn/zm.rn20b/191023_A00223_0238_BHG57FDRXX/Springer_Project_065_Pool8/mBR595_S41_R2_001.fastq.gz
mBR596	leaf_V2	A682	m	4	PE		/home/springer/zhoux379/projects/s3/zhoup-barn/zm.rn20b/191023_A00223_0238_BHG57FDRXX/Springer_Project_065_Pool8/mBR596_S42_R1_001.fastq.gz	/home/springer/zhoux379/projects/s3/zhoup-barn/zm.rn20b/191023_A00223_0238_BHG57FDRXX/Springer_Project_065_Pool8/mBR596_S42_R2_001.fastq.gz
mBR598	leaf_V2	B73xMo17	m	2	PE		/home/springer/zhoux379/projects/s3/zhoup-barn/zm.rn20b/191023_A00223_0238_BHG57FDRXX/Springer_Project_065_Pool8/mBR598_S43_R1_001.fastq.gz	/home/springer/zhoux379/projects/s3/zhoup-barn/zm.rn20b/191023_A00223_0238_BHG57FDRXX/Springer_Project_065_Pool8/mBR598_S43_R2_001.fastq.gz
mBR599	leaf_V2	B73xMo17	m	3	PE		/home/springer/zhoux379/projects/s3/zhoup-barn/zm.rn20b/191023_A00223_0238_BHG57FDRXX/Springer_Project_065_Pool8/mBR599_S44_R1_001.fastq.gz	/home/springer/zhoux379/projects/s3/zhoup-barn/zm.rn20b/191023_A00223_0238_BHG57FDRXX/Springer_Project_065_Pool8/mBR599_S44_R2_001.fastq.gz
mBR600	leaf_V2	B73xMo17	m	4	PE		/home/springer/zhoux379/projects/s3/zhoup-barn/zm.rn20b/191023_A00223_0238_BHG57FDRXX/Springer_Project_065_Pool8/mBR600_S45_R1_001.fastq.gz	/home/springer/zhoux379/projects/s3/zhoup-barn/zm.rn20b/191023_A00223_0238_BHG57FDRXX/Springer_Project_065_Pool8/mBR600_S45_R2_001.fastq.gz
mBR602	leaf_V2	Mo17xB73	m	2	PE		/home/springer/zhoux379/projects/s3/zhoup-barn/zm.rn20b/191023_A00223_0238_BHG57FDRXX/Springer_Project_065_Pool8/mBR602_S46_R1_001.fastq.gz	/home/springer/zhoux379/projects/s3/zhoup-barn/zm.rn20b/191023_A00223_0238_BHG57FDRXX/Springer_Project_065_Pool8/mBR602_S46_R2_001.fastq.gz
mBR603	leaf_V2	Mo17xB73	m	3	PE		/home/springer/zhoux379/projects/s3/zhoup-barn/zm.rn20b/191023_A00223_0238_BHG57FDRXX/Springer_Project_065_Pool8/mBR603_S47_R1_001.fastq.gz	/home/springer/zhoux379/projects/s3/zhoup-barn/zm.rn20b/191023_A00223_0238_BHG57FDRXX/Springer_Project_065_Pool8/mBR603_S47_R2_001.fastq.gz
mBR604	leaf_V2	Mo17xB73	m	4	PE		/home/springer/zhoux379/projects/s3/zhoup-barn/zm.rn20b/191023_A00223_0238_BHG57FDRXX/Springer_Project_065_Pool8/mBR604_S48_R1_001.fastq.gz	/home/springer/zhoux379/projects/s3/zhoup-barn/zm.rn20b/191023_A00223_0238_BHG57FDRXX/Springer_Project_065_Pool8/mBR604_S48_R2_001.fastq.gz
mBR606	leaf_V2	B84xB73	m	2	PE		/home/springer/zhoux379/projects/s3/zhoup-barn/zm.rn20b/191023_A00223_0238_BHG57FDRXX/Springer_Project_065_Pool8/mBR606_S49_R1_001.fastq.gz	/home/springer/zhoux379/projects/s3/zhoup-barn/zm.rn20b/191023_A00223_0238_BHG57FDRXX/Springer_Project_065_Pool8/mBR606_S49_R2_001.fastq.gz
mBR607	leaf_V2	B84xB73	m	3	PE		/home/springer/zhoux379/projects/s3/zhoup-barn/zm.rn20b/191023_A00223_0238_BHG57FDRXX/Springer_Project_065_Pool8/mBR607_S50_R1_001.fastq.gz	/home/springer/zhoux379/projects/s3/zhoup-barn/zm.rn20b/191023_A00223_0238_BHG57FDRXX/Springer_Project_065_Pool8/mBR607_S50_R2_001.fastq.gz
mBR608	leaf_V2	B84xB73	m	4	PE		/home/springer/zhoux379/projects/s3/zhoup-barn/zm.rn20b/191023_A00223_0238_BHG57FDRXX/Springer_Project_065_Pool8/mBR608_S51_R1_001.fastq.gz	/home/springer/zhoux379/projects/s3/zhoup-barn/zm.rn20b/191023_A00223_0238_BHG57FDRXX/Springer_Project_065_Pool8/mBR608_S51_R2_001.fastq.gz
mBR610	leaf_V2	B84xMo17	m	2	PE		/home/springer/zhoux379/projects/s3/zhoup-barn/zm.rn20b/191023_A00223_0238_BHG57FDRXX/Springer_Project_065_Pool8/mBR610_S52_R1_001.fastq.gz	/home/springer/zhoux379/projects/s3/zhoup-barn/zm.rn20b/191023_A00223_0238_BHG57FDRXX/Springer_Project_065_Pool8/mBR610_S52_R2_001.fastq.gz
mBR611	leaf_V2	B84xMo17	m	3	PE		/home/springer/zhoux379/projects/s3/zhoup-barn/zm.rn20b/191023_A00223_0238_BHG57FDRXX/Springer_Project_065_Pool8/mBR611_S53_R1_001.fastq.gz	/home/springer/zhoux379/projects/s3/zhoup-barn/zm.rn20b/191023_A00223_0238_BHG57FDRXX/Springer_Project_065_Pool8/mBR611_S53_R2_001.fastq.gz
mBR612	leaf_V2	B84xMo17	m	4	PE		/home/springer/zhoux379/projects/s3/zhoup-barn/zm.rn20b/191023_A00223_0238_BHG57FDRXX/Springer_Project_065_Pool8/mBR612_S54_R1_001.fastq.gz	/home/springer/zhoux379/projects/s3/zhoup-barn/zm.rn20b/191023_A00223_0238_BHG57FDRXX/Springer_Project_065_Pool8/mBR612_S54_R2_001.fastq.gz
mBR614	leaf_V2	A682xB73	m	2	PE		/home/springer/zhoux379/projects/s3/zhoup-barn/zm.rn20b/191023_A00223_0238_BHG57FDRXX/Springer_Project_065_Pool8/mBR614_S55_R1_001.fastq.gz	/home/springer/zhoux379/projects/s3/zhoup-barn/zm.rn20b/191023_A00223_0238_BHG57FDRXX/Springer_Project_065_Pool8/mBR614_S55_R2_001.fastq.gz
mBR615	leaf_V2	A682xB73	m	3	PE		/home/springer/zhoux379/projects/s3/zhoup-barn/zm.rn20b/191023_A00223_0238_BHG57FDRXX/Springer_Project_065_Pool8/mBR615_S56_R1_001.fastq.gz	/home/springer/zhoux379/projects/s3/zhoup-barn/zm.rn20b/191023_A00223_0238_BHG57FDRXX/Springer_Project_065_Pool8/mBR615_S56_R2_001.fastq.gz
mBR616	leaf_V2	A682xB73	m	4	PE		/home/springer/zhoux379/projects/s3/zhoup-barn/zm.rn20b/191023_A00223_0238_BHG57FDRXX/Springer_Project_065_Pool8/mBR616_S57_R1_001.fastq.gz	/home/springer/zhoux379/projects/s3/zhoup-barn/zm.rn20b/191023_A00223_0238_BHG57FDRXX/Springer_Project_065_Pool8/mBR616_S57_R2_001.fastq.gz
mBR618	leaf_V2	A682xMo17	m	2	PE		/home/springer/zhoux379/projects/s3/zhoup-barn/zm.rn20b/191023_A00223_0238_BHG57FDRXX/Springer_Project_065_Pool8/mBR618_S58_R1_001.fastq.gz	/home/springer/zhoux379/projects/s3/zhoup-barn/zm.rn20b/191023_A00223_0238_BHG57FDRXX/Springer_Project_065_Pool8/mBR618_S58_R2_001.fastq.gz
mBR619	leaf_V2	A682xMo17	m	3	PE		/home/springer/zhoux379/projects/s3/zhoup-barn/zm.rn20b/191023_A00223_0238_BHG57FDRXX/Springer_Project_065_Pool8/mBR619_S59_R1_001.fastq.gz	/home/springer/zhoux379/projects/s3/zhoup-barn/zm.rn20b/191023_A00223_0238_BHG57FDRXX/Springer_Project_065_Pool8/mBR619_S59_R2_001.fastq.gz
mBR620	leaf_V2	A682xMo17	m	4	PE		/home/springer/zhoux379/projects/s3/zhoup-barn/zm.rn20b/191023_A00223_0238_BHG57FDRXX/Springer_Project_065_Pool8/mBR620_S60_R1_001.fastq.gz	/home/springer/zhoux379/projects/s3/zhoup-barn/zm.rn20b/191023_A00223_0238_BHG57FDRXX/Springer_Project_065_Pool8/mBR620_S60_R2_001.fastq.gz
tBR502	seedling_root	B73	t	2	PE		/home/springer/zhoux379/projects/s3/zhoup-barn/zm.rn20b/191010_A00223_0227_AHG3TVDRXX/Springer_Project_065_Pool1/tBR502_S1_R1_001.fastq.gz	/home/springer/zhoux379/projects/s3/zhoup-barn/zm.rn20b/191010_A00223_0227_AHG3TVDRXX/Springer_Project_065_Pool1/tBR502_S1_R2_001.fastq.gz
tBR503	seedling_root	B73	t	3	PE		/home/springer/zhoux379/projects/s3/zhoup-barn/zm.rn20b/191010_A00223_0227_AHG3TVDRXX/Springer_Project_065_Pool1/tBR503_S2_R1_001.fastq.gz	/home/springer/zhoux379/projects/s3/zhoup-barn/zm.rn20b/191010_A00223_0227_AHG3TVDRXX/Springer_Project_065_Pool1/tBR503_S2_R2_001.fastq.gz
tBR504	seedling_root	B73	t	4	PE		/home/springer/zhoux379/projects/s3/zhoup-barn/zm.rn20b/191010_A00223_0227_AHG3TVDRXX/Springer_Project_065_Pool1/tBR504_S3_R1_001.fastq.gz	/home/springer/zhoux379/projects/s3/zhoup-barn/zm.rn20b/191010_A00223_0227_AHG3TVDRXX/Springer_Project_065_Pool1/tBR504_S3_R2_001.fastq.gz
tBR506	seedling_root	B84	t	2	PE		/home/springer/zhoux379/projects/s3/zhoup-barn/zm.rn20b/191010_A00223_0227_AHG3TVDRXX/Springer_Project_065_Pool1/tBR506_S4_R1_001.fastq.gz	/home/springer/zhoux379/projects/s3/zhoup-barn/zm.rn20b/191010_A00223_0227_AHG3TVDRXX/Springer_Project_065_Pool1/tBR506_S4_R2_001.fastq.gz
tBR507	seedling_root	B84	t	3	PE		/home/springer/zhoux379/projects/s3/zhoup-barn/zm.rn20b/191010_A00223_0227_AHG3TVDRXX/Springer_Project_065_Pool2/tBR507_S19_R1_001.fastq.gz	/home/springer/zhoux379/projects/s3/zhoup-barn/zm.rn20b/191010_A00223_0227_AHG3TVDRXX/Springer_Project_065_Pool2/tBR507_S19_R2_001.fastq.gz
tBR508	seedling_root	B84	t	4	PE		/home/springer/zhoux379/projects/s3/zhoup-barn/zm.rn20b/191010_A00223_0227_AHG3TVDRXX/Springer_Project_065_Pool2/tBR508_S20_R1_001.fastq.gz	/home/springer/zhoux379/projects/s3/zhoup-barn/zm.rn20b/191010_A00223_0227_AHG3TVDRXX/Springer_Project_065_Pool2/tBR508_S20_R2_001.fastq.gz
tBR510	seedling_root	Mo17	t	2	PE		/home/springer/zhoux379/projects/s3/zhoup-barn/zm.rn20b/191010_A00223_0227_AHG3TVDRXX/Springer_Project_065_Pool2/tBR510_S21_R1_001.fastq.gz	/home/springer/zhoux379/projects/s3/zhoup-barn/zm.rn20b/191010_A00223_0227_AHG3TVDRXX/Springer_Project_065_Pool2/tBR510_S21_R2_001.fastq.gz
tBR511	seedling_root	Mo17	t	3	PE		/home/springer/zhoux379/projects/s3/zhoup-barn/zm.rn20b/191010_A00223_0227_AHG3TVDRXX/Springer_Project_065_Pool2/tBR511_S22_R1_001.fastq.gz	/home/springer/zhoux379/projects/s3/zhoup-barn/zm.rn20b/191010_A00223_0227_AHG3TVDRXX/Springer_Project_065_Pool2/tBR511_S22_R2_001.fastq.gz
tBR512	seedling_root	Mo17	t	4	PE		/home/springer/zhoux379/projects/s3/zhoup-barn/zm.rn20b/191010_A00223_0227_AHG3TVDRXX/Springer_Project_065_Pool1/tBR512_S5_R1_001.fastq.gz	/home/springer/zhoux379/projects/s3/zhoup-barn/zm.rn20b/191010_A00223_0227_AHG3TVDRXX/Springer_Project_065_Pool1/tBR512_S5_R2_001.fastq.gz
tBR514	seedling_root	A682	t	2	PE		/home/springer/zhoux379/projects/s3/zhoup-barn/zm.rn20b/191010_A00223_0227_AHG3TVDRXX/Springer_Project_065_Pool1/tBR514_S6_R1_001.fastq.gz	/home/springer/zhoux379/projects/s3/zhoup-barn/zm.rn20b/191010_A00223_0227_AHG3TVDRXX/Springer_Project_065_Pool1/tBR514_S6_R2_001.fastq.gz
tBR515	seedling_root	A682	t	3	PE		/home/springer/zhoux379/projects/s3/zhoup-barn/zm.rn20b/191010_A00223_0227_AHG3TVDRXX/Springer_Project_065_Pool1/tBR515_S7_R1_001.fastq.gz	/home/springer/zhoux379/projects/s3/zhoup-barn/zm.rn20b/191010_A00223_0227_AHG3TVDRXX/Springer_Project_065_Pool1/tBR515_S7_R2_001.fastq.gz
tBR516	seedling_root	A682	t	4	PE		/home/springer/zhoux379/projects/s3/zhoup-barn/zm.rn20b/191010_A00223_0227_AHG3TVDRXX/Springer_Project_065_Pool1/tBR516_S8_R1_001.fastq.gz	/home/springer/zhoux379/projects/s3/zhoup-barn/zm.rn20b/191010_A00223_0227_AHG3TVDRXX/Springer_Project_065_Pool1/tBR516_S8_R2_001.fastq.gz
tBR518	seedling_root	B73xMo17	t	2	PE		/home/springer/zhoux379/projects/s3/zhoup-barn/zm.rn20b/191010_A00223_0227_AHG3TVDRXX/Springer_Project_065_Pool2/tBR518_S23_R1_001.fastq.gz	/home/springer/zhoux379/projects/s3/zhoup-barn/zm.rn20b/191010_A00223_0227_AHG3TVDRXX/Springer_Project_065_Pool2/tBR518_S23_R2_001.fastq.gz
tBR519	seedling_root	B73xMo17	t	3	PE		/home/springer/zhoux379/projects/s3/zhoup-barn/zm.rn20b/191010_A00223_0227_AHG3TVDRXX/Springer_Project_065_Pool2/tBR519_S24_R1_001.fastq.gz	/home/springer/zhoux379/projects/s3/zhoup-barn/zm.rn20b/191010_A00223_0227_AHG3TVDRXX/Springer_Project_065_Pool2/tBR519_S24_R2_001.fastq.gz
tBR520	seedling_root	B73xMo17	t	4	PE		/home/springer/zhoux379/projects/s3/zhoup-barn/zm.rn20b/191010_A00223_0227_AHG3TVDRXX/Springer_Project_065_Pool2/tBR520_S25_R1_001.fastq.gz	/home/springer/zhoux379/projects/s3/zhoup-barn/zm.rn20b/191010_A00223_0227_AHG3TVDRXX/Springer_Project_065_Pool2/tBR520_S25_R2_001.fastq.gz
tBR522	seedling_root	Mo17xB73	t	2	PE		/home/springer/zhoux379/projects/s3/zhoup-barn/zm.rn20b/191010_A00223_0227_AHG3TVDRXX/Springer_Project_065_Pool2/tBR522_S26_R1_001.fastq.gz	/home/springer/zhoux379/projects/s3/zhoup-barn/zm.rn20b/191010_A00223_0227_AHG3TVDRXX/Springer_Project_065_Pool2/tBR522_S26_R2_001.fastq.gz
tBR523	seedling_root	Mo17xB73	t	3	PE		/home/springer/zhoux379/projects/s3/zhoup-barn/zm.rn20b/191010_A00223_0227_AHG3TVDRXX/Springer_Project_065_Pool1/tBR523_S9_R1_001.fastq.gz	/home/springer/zhoux379/projects/s3/zhoup-barn/zm.rn20b/191010_A00223_0227_AHG3TVDRXX/Springer_Project_065_Pool1/tBR523_S9_R2_001.fastq.gz
tBR524	seedling_root	Mo17xB73	t	4	PE		/home/springer/zhoux379/projects/s3/zhoup-barn/zm.rn20b/191010_A00223_0227_AHG3TVDRXX/Springer_Project_065_Pool1/tBR524_S10_R1_001.fastq.gz	/home/springer/zhoux379/projects/s3/zhoup-barn/zm.rn20b/191010_A00223_0227_AHG3TVDRXX/Springer_Project_065_Pool1/tBR524_S10_R2_001.fastq.gz
tBR526	seedling_root	B84xB73	t	2	PE		/home/springer/zhoux379/projects/s3/zhoup-barn/zm.rn20b/191010_A00223_0227_AHG3TVDRXX/Springer_Project_065_Pool1/tBR526_S11_R1_001.fastq.gz	/home/springer/zhoux379/projects/s3/zhoup-barn/zm.rn20b/191010_A00223_0227_AHG3TVDRXX/Springer_Project_065_Pool1/tBR526_S11_R2_001.fastq.gz
tBR527	seedling_root	B84xB73	t	3	PE		/home/springer/zhoux379/projects/s3/zhoup-barn/zm.rn20b/191010_A00223_0227_AHG3TVDRXX/Springer_Project_065_Pool1/tBR527_S12_R1_001.fastq.gz	/home/springer/zhoux379/projects/s3/zhoup-barn/zm.rn20b/191010_A00223_0227_AHG3TVDRXX/Springer_Project_065_Pool1/tBR527_S12_R2_001.fastq.gz
tBR528	seedling_root	B84xB73	t	4	PE		/home/springer/zhoux379/projects/s3/zhoup-barn/zm.rn20b/191010_A00223_0227_AHG3TVDRXX/Springer_Project_065_Pool2/tBR528_S27_R1_001.fastq.gz	/home/springer/zhoux379/projects/s3/zhoup-barn/zm.rn20b/191010_A00223_0227_AHG3TVDRXX/Springer_Project_065_Pool2/tBR528_S27_R2_001.fastq.gz
tBR530	seedling_root	B84xMo17	t	2	PE		/home/springer/zhoux379/projects/s3/zhoup-barn/zm.rn20b/191010_A00223_0227_AHG3TVDRXX/Springer_Project_065_Pool2/tBR530_S28_R1_001.fastq.gz	/home/springer/zhoux379/projects/s3/zhoup-barn/zm.rn20b/191010_A00223_0227_AHG3TVDRXX/Springer_Project_065_Pool2/tBR530_S28_R2_001.fastq.gz
tBR531	seedling_root	B84xMo17	t	3	PE		/home/springer/zhoux379/projects/s3/zhoup-barn/zm.rn20b/191010_A00223_0227_AHG3TVDRXX/Springer_Project_065_Pool2/tBR531_S29_R1_001.fastq.gz	/home/springer/zhoux379/projects/s3/zhoup-barn/zm.rn20b/191010_A00223_0227_AHG3TVDRXX/Springer_Project_065_Pool2/tBR531_S29_R2_001.fastq.gz
tBR532	seedling_root	B84xMo17	t	4	PE		/home/springer/zhoux379/projects/s3/zhoup-barn/zm.rn20b/191010_A00223_0227_AHG3TVDRXX/Springer_Project_065_Pool2/tBR532_S30_R1_001.fastq.gz	/home/springer/zhoux379/projects/s3/zhoup-barn/zm.rn20b/191010_A00223_0227_AHG3TVDRXX/Springer_Project_065_Pool2/tBR532_S30_R2_001.fastq.gz
tBR534	seedling_root	A682xB73	t	2	PE		/home/springer/zhoux379/projects/s3/zhoup-barn/zm.rn20b/191010_A00223_0227_AHG3TVDRXX/Springer_Project_065_Pool1/tBR534_S13_R1_001.fastq.gz	/home/springer/zhoux379/projects/s3/zhoup-barn/zm.rn20b/191010_A00223_0227_AHG3TVDRXX/Springer_Project_065_Pool1/tBR534_S13_R2_001.fastq.gz
tBR535	seedling_root	A682xB73	t	3	PE		/home/springer/zhoux379/projects/s3/zhoup-barn/zm.rn20b/191010_A00223_0227_AHG3TVDRXX/Springer_Project_065_Pool1/tBR535_S14_R1_001.fastq.gz	/home/springer/zhoux379/projects/s3/zhoup-barn/zm.rn20b/191010_A00223_0227_AHG3TVDRXX/Springer_Project_065_Pool1/tBR535_S14_R2_001.fastq.gz
tBR536	seedling_root	A682xB73	t	4	PE		/home/springer/zhoux379/projects/s3/zhoup-barn/zm.rn20b/191010_A00223_0227_AHG3TVDRXX/Springer_Project_065_Pool1/tBR536_S15_R1_001.fastq.gz	/home/springer/zhoux379/projects/s3/zhoup-barn/zm.rn20b/191010_A00223_0227_AHG3TVDRXX/Springer_Project_065_Pool1/tBR536_S15_R2_001.fastq.gz
tBR538	seedling_root	A682xMo17	t	2	PE		/home/springer/zhoux379/projects/s3/zhoup-barn/zm.rn20b/191010_A00223_0227_AHG3TVDRXX/Springer_Project_065_Pool1/tBR538_S16_R1_001.fastq.gz	/home/springer/zhoux379/projects/s3/zhoup-barn/zm.rn20b/191010_A00223_0227_AHG3TVDRXX/Springer_Project_065_Pool1/tBR538_S16_R2_001.fastq.gz
tBR539	seedling_root	A682xMo17	t	3	PE		/home/springer/zhoux379/projects/s3/zhoup-barn/zm.rn20b/191010_A00223_0227_AHG3TVDRXX/Springer_Project_065_Pool2/tBR539_S31_R1_001.fastq.gz	/home/springer/zhoux379/projects/s3/zhoup-barn/zm.rn20b/191010_A00223_0227_AHG3TVDRXX/Springer_Project_065_Pool2/tBR539_S31_R2_001.fastq.gz
tBR540	seedling_root	A682xMo17	t	4	PE		/home/springer/zhoux379/projects/s3/zhoup-barn/zm.rn20b/191010_A00223_0227_AHG3TVDRXX/Springer_Project_065_Pool2/tBR540_S32_R1_001.fastq.gz	/home/springer/zhoux379/projects/s3/zhoup-barn/zm.rn20b/191010_A00223_0227_AHG3TVDRXX/Springer_Project_065_Pool2/tBR540_S32_R2_001.fastq.gz
tBR542	coleoptile	B73	t	2	PE		/home/springer/zhoux379/projects/s3/zhoup-barn/zm.rn20b/191010_A00223_0227_AHG3TVDRXX/Springer_Project_065_Pool2/tBR542_S33_R1_001.fastq.gz	/home/springer/zhoux379/projects/s3/zhoup-barn/zm.rn20b/191010_A00223_0227_AHG3TVDRXX/Springer_Project_065_Pool2/tBR542_S33_R2_001.fastq.gz
tBR543	coleoptile	B73	t	3	PE		/home/springer/zhoux379/projects/s3/zhoup-barn/zm.rn20b/191010_A00223_0227_AHG3TVDRXX/Springer_Project_065_Pool2/tBR543_S34_R1_001.fastq.gz	/home/springer/zhoux379/projects/s3/zhoup-barn/zm.rn20b/191010_A00223_0227_AHG3TVDRXX/Springer_Project_065_Pool2/tBR543_S34_R2_001.fastq.gz
tBR544	coleoptile	B73	t	4	PE		/home/springer/zhoux379/projects/s3/zhoup-barn/zm.rn20b/191010_A00223_0227_AHG3TVDRXX/Springer_Project_065_Pool1/tBR544_S17_R1_001.fastq.gz	/home/springer/zhoux379/projects/s3/zhoup-barn/zm.rn20b/191010_A00223_0227_AHG3TVDRXX/Springer_Project_065_Pool1/tBR544_S17_R2_001.fastq.gz
tBR546	coleoptile	B84	t	2	PE		/home/springer/zhoux379/projects/s3/zhoup-barn/zm.rn20b/191010_A00223_0227_AHG3TVDRXX/Springer_Project_065_Pool1/tBR546_S18_R1_001.fastq.gz	/home/springer/zhoux379/projects/s3/zhoup-barn/zm.rn20b/191010_A00223_0227_AHG3TVDRXX/Springer_Project_065_Pool1/tBR546_S18_R2_001.fastq.gz
tBR547	coleoptile	B84	t	3	PE		/home/springer/zhoux379/projects/s3/zhoup-barn/zm.rn20b/191014_A00223_0231_AHG22WDRXX/Springer_Project_065_Pool3/tBR547_S1_R1_001.fastq.gz	/home/springer/zhoux379/projects/s3/zhoup-barn/zm.rn20b/191014_A00223_0231_AHG22WDRXX/Springer_Project_065_Pool3/tBR547_S1_R2_001.fastq.gz
tBR548	coleoptile	B84	t	4	PE		/home/springer/zhoux379/projects/s3/zhoup-barn/zm.rn20b/191014_A00223_0231_AHG22WDRXX/Springer_Project_065_Pool3/tBR548_S2_R1_001.fastq.gz	/home/springer/zhoux379/projects/s3/zhoup-barn/zm.rn20b/191014_A00223_0231_AHG22WDRXX/Springer_Project_065_Pool3/tBR548_S2_R2_001.fastq.gz
tBR550	coleoptile	Mo17	t	2	PE		/home/springer/zhoux379/projects/s3/zhoup-barn/zm.rn20b/191010_A00223_0227_AHG3TVDRXX/Springer_Project_065_Pool2/tBR550_S35_R1_001.fastq.gz	/home/springer/zhoux379/projects/s3/zhoup-barn/zm.rn20b/191010_A00223_0227_AHG3TVDRXX/Springer_Project_065_Pool2/tBR550_S35_R2_001.fastq.gz
tBR551	coleoptile	Mo17	t	3	PE		/home/springer/zhoux379/projects/s3/zhoup-barn/zm.rn20b/191010_A00223_0227_AHG3TVDRXX/Springer_Project_065_Pool2/tBR551_S36_R1_001.fastq.gz	/home/springer/zhoux379/projects/s3/zhoup-barn/zm.rn20b/191010_A00223_0227_AHG3TVDRXX/Springer_Project_065_Pool2/tBR551_S36_R2_001.fastq.gz
tBR552	coleoptile	Mo17	t	4	PE		/home/springer/zhoux379/projects/s3/zhoup-barn/zm.rn20b/191014_A00223_0231_AHG22WDRXX/Springer_Project_065_Pool4/tBR552_S19_R1_001.fastq.gz	/home/springer/zhoux379/projects/s3/zhoup-barn/zm.rn20b/191014_A00223_0231_AHG22WDRXX/Springer_Project_065_Pool4/tBR552_S19_R2_001.fastq.gz
tBR554	coleoptile	A682	t	2	PE		/home/springer/zhoux379/projects/s3/zhoup-barn/zm.rn20b/191014_A00223_0231_AHG22WDRXX/Springer_Project_065_Pool4/tBR554_S20_R1_001.fastq.gz	/home/springer/zhoux379/projects/s3/zhoup-barn/zm.rn20b/191014_A00223_0231_AHG22WDRXX/Springer_Project_065_Pool4/tBR554_S20_R2_001.fastq.gz
tBR555	coleoptile	A682	t	3	PE		/home/springer/zhoux379/projects/s3/zhoup-barn/zm.rn20b/191014_A00223_0231_AHG22WDRXX/Springer_Project_065_Pool3/tBR555_S3_R1_001.fastq.gz	/home/springer/zhoux379/projects/s3/zhoup-barn/zm.rn20b/191014_A00223_0231_AHG22WDRXX/Springer_Project_065_Pool3/tBR555_S3_R2_001.fastq.gz
tBR556	coleoptile	A682	t	4	PE		/home/springer/zhoux379/projects/s3/zhoup-barn/zm.rn20b/191014_A00223_0231_AHG22WDRXX/Springer_Project_065_Pool3/tBR556_S4_R1_001.fastq.gz	/home/springer/zhoux379/projects/s3/zhoup-barn/zm.rn20b/191014_A00223_0231_AHG22WDRXX/Springer_Project_065_Pool3/tBR556_S4_R2_001.fastq.gz
tBR558	coleoptile	B73xMo17	t	2	PE		/home/springer/zhoux379/projects/s3/zhoup-barn/zm.rn20b/191014_A00223_0231_AHG22WDRXX/Springer_Project_065_Pool3/tBR558_S5_R1_001.fastq.gz	/home/springer/zhoux379/projects/s3/zhoup-barn/zm.rn20b/191014_A00223_0231_AHG22WDRXX/Springer_Project_065_Pool3/tBR558_S5_R2_001.fastq.gz
tBR559	coleoptile	B73xMo17	t	3	PE		/home/springer/zhoux379/projects/s3/zhoup-barn/zm.rn20b/191014_A00223_0231_AHG22WDRXX/Springer_Project_065_Pool3/tBR559_S6_R1_001.fastq.gz	/home/springer/zhoux379/projects/s3/zhoup-barn/zm.rn20b/191014_A00223_0231_AHG22WDRXX/Springer_Project_065_Pool3/tBR559_S6_R2_001.fastq.gz
tBR560	coleoptile	B73xMo17	t	4	PE		/home/springer/zhoux379/projects/s3/zhoup-barn/zm.rn20b/191014_A00223_0231_AHG22WDRXX/Springer_Project_065_Pool4/tBR560_S21_R1_001.fastq.gz	/home/springer/zhoux379/projects/s3/zhoup-barn/zm.rn20b/191014_A00223_0231_AHG22WDRXX/Springer_Project_065_Pool4/tBR560_S21_R2_001.fastq.gz
tBR562	coleoptile	Mo17xB73	t	2	PE		/home/springer/zhoux379/projects/s3/zhoup-barn/zm.rn20b/191014_A00223_0231_AHG22WDRXX/Springer_Project_065_Pool4/tBR562_S22_R1_001.fastq.gz	/home/springer/zhoux379/projects/s3/zhoup-barn/zm.rn20b/191014_A00223_0231_AHG22WDRXX/Springer_Project_065_Pool4/tBR562_S22_R2_001.fastq.gz
tBR563	coleoptile	Mo17xB73	t	3	PE		/home/springer/zhoux379/projects/s3/zhoup-barn/zm.rn20b/191014_A00223_0231_AHG22WDRXX/Springer_Project_065_Pool4/tBR563_S23_R1_001.fastq.gz	/home/springer/zhoux379/projects/s3/zhoup-barn/zm.rn20b/191014_A00223_0231_AHG22WDRXX/Springer_Project_065_Pool4/tBR563_S23_R2_001.fastq.gz
tBR564	coleoptile	Mo17xB73	t	4	PE		/home/springer/zhoux379/projects/s3/zhoup-barn/zm.rn20b/191014_A00223_0231_AHG22WDRXX/Springer_Project_065_Pool4/tBR564_S24_R1_001.fastq.gz	/home/springer/zhoux379/projects/s3/zhoup-barn/zm.rn20b/191014_A00223_0231_AHG22WDRXX/Springer_Project_065_Pool4/tBR564_S24_R2_001.fastq.gz
tBR566	coleoptile	B84xB73	t	2	PE		/home/springer/zhoux379/projects/s3/zhoup-barn/zm.rn20b/191014_A00223_0231_AHG22WDRXX/Springer_Project_065_Pool3/tBR566_S7_R1_001.fastq.gz	/home/springer/zhoux379/projects/s3/zhoup-barn/zm.rn20b/191014_A00223_0231_AHG22WDRXX/Springer_Project_065_Pool3/tBR566_S7_R2_001.fastq.gz
tBR567	coleoptile	B84xB73	t	3	PE		/home/springer/zhoux379/projects/s3/zhoup-barn/zm.rn20b/191014_A00223_0231_AHG22WDRXX/Springer_Project_065_Pool3/tBR567_S8_R1_001.fastq.gz	/home/springer/zhoux379/projects/s3/zhoup-barn/zm.rn20b/191014_A00223_0231_AHG22WDRXX/Springer_Project_065_Pool3/tBR567_S8_R2_001.fastq.gz
tBR568	coleoptile	B84xB73	t	4	PE		/home/springer/zhoux379/projects/s3/zhoup-barn/zm.rn20b/191014_A00223_0231_AHG22WDRXX/Springer_Project_065_Pool3/tBR568_S9_R1_001.fastq.gz	/home/springer/zhoux379/projects/s3/zhoup-barn/zm.rn20b/191014_A00223_0231_AHG22WDRXX/Springer_Project_065_Pool3/tBR568_S9_R2_001.fastq.gz
tBR570	coleoptile	B84xMo17	t	2	PE		/home/springer/zhoux379/projects/s3/zhoup-barn/zm.rn20b/191014_A00223_0231_AHG22WDRXX/Springer_Project_065_Pool3/tBR570_S10_R1_001.fastq.gz	/home/springer/zhoux379/projects/s3/zhoup-barn/zm.rn20b/191014_A00223_0231_AHG22WDRXX/Springer_Project_065_Pool3/tBR570_S10_R2_001.fastq.gz
tBR571	coleoptile	B84xMo17	t	3	PE		/home/springer/zhoux379/projects/s3/zhoup-barn/zm.rn20b/191014_A00223_0231_AHG22WDRXX/Springer_Project_065_Pool4/tBR571_S25_R1_001.fastq.gz	/home/springer/zhoux379/projects/s3/zhoup-barn/zm.rn20b/191014_A00223_0231_AHG22WDRXX/Springer_Project_065_Pool4/tBR571_S25_R2_001.fastq.gz
tBR572	coleoptile	B84xMo17	t	4	PE		/home/springer/zhoux379/projects/s3/zhoup-barn/zm.rn20b/191014_A00223_0231_AHG22WDRXX/Springer_Project_065_Pool4/tBR572_S26_R1_001.fastq.gz	/home/springer/zhoux379/projects/s3/zhoup-barn/zm.rn20b/191014_A00223_0231_AHG22WDRXX/Springer_Project_065_Pool4/tBR572_S26_R2_001.fastq.gz
tBR574	coleoptile	A682xB73	t	2	PE		/home/springer/zhoux379/projects/s3/zhoup-barn/zm.rn20b/191014_A00223_0231_AHG22WDRXX/Springer_Project_065_Pool4/tBR574_S27_R1_001.fastq.gz	/home/springer/zhoux379/projects/s3/zhoup-barn/zm.rn20b/191014_A00223_0231_AHG22WDRXX/Springer_Project_065_Pool4/tBR574_S27_R2_001.fastq.gz
tBR575	coleoptile	A682xB73	t	3	PE		/home/springer/zhoux379/projects/s3/zhoup-barn/zm.rn20b/191014_A00223_0231_AHG22WDRXX/Springer_Project_065_Pool4/tBR575_S28_R1_001.fastq.gz	/home/springer/zhoux379/projects/s3/zhoup-barn/zm.rn20b/191014_A00223_0231_AHG22WDRXX/Springer_Project_065_Pool4/tBR575_S28_R2_001.fastq.gz
tBR576	coleoptile	A682xB73	t	4	PE		/home/springer/zhoux379/projects/s3/zhoup-barn/zm.rn20b/191014_A00223_0231_AHG22WDRXX/Springer_Project_065_Pool3/tBR576_S11_R1_001.fastq.gz	/home/springer/zhoux379/projects/s3/zhoup-barn/zm.rn20b/191014_A00223_0231_AHG22WDRXX/Springer_Project_065_Pool3/tBR576_S11_R2_001.fastq.gz
tBR578	coleoptile	A682xMo17	t	2	PE		/home/springer/zhoux379/projects/s3/zhoup-barn/zm.rn20b/191014_A00223_0231_AHG22WDRXX/Springer_Project_065_Pool3/tBR578_S12_R1_001.fastq.gz	/home/springer/zhoux379/projects/s3/zhoup-barn/zm.rn20b/191014_A00223_0231_AHG22WDRXX/Springer_Project_065_Pool3/tBR578_S12_R2_001.fastq.gz
tBR579	coleoptile	A682xMo17	t	3	PE		/home/springer/zhoux379/projects/s3/zhoup-barn/zm.rn20b/191014_A00223_0231_AHG22WDRXX/Springer_Project_065_Pool3/tBR579_S13_R1_001.fastq.gz	/home/springer/zhoux379/projects/s3/zhoup-barn/zm.rn20b/191014_A00223_0231_AHG22WDRXX/Springer_Project_065_Pool3/tBR579_S13_R2_001.fastq.gz
tBR580	coleoptile	A682xMo17	t	4	PE		/home/springer/zhoux379/projects/s3/zhoup-barn/zm.rn20b/191014_A00223_0231_AHG22WDRXX/Springer_Project_065_Pool3/tBR580_S14_R1_001.fastq.gz	/home/springer/zhoux379/projects/s3/zhoup-barn/zm.rn20b/191014_A00223_0231_AHG22WDRXX/Springer_Project_065_Pool3/tBR580_S14_R2_001.fastq.gz
tBR582	leaf_V2	B73	t	2	PE		/home/springer/zhoux379/projects/s3/zhoup-barn/zm.rn20b/191014_A00223_0231_AHG22WDRXX/Springer_Project_065_Pool4/tBR582_S29_R1_001.fastq.gz	/home/springer/zhoux379/projects/s3/zhoup-barn/zm.rn20b/191014_A00223_0231_AHG22WDRXX/Springer_Project_065_Pool4/tBR582_S29_R2_001.fastq.gz
tBR583	leaf_V2	B73	t	3	PE		/home/springer/zhoux379/projects/s3/zhoup-barn/zm.rn20b/191014_A00223_0231_AHG22WDRXX/Springer_Project_065_Pool4/tBR583_S30_R1_001.fastq.gz	/home/springer/zhoux379/projects/s3/zhoup-barn/zm.rn20b/191014_A00223_0231_AHG22WDRXX/Springer_Project_065_Pool4/tBR583_S30_R2_001.fastq.gz
tBR584	leaf_V2	B73	t	4	PE		/home/springer/zhoux379/projects/s3/zhoup-barn/zm.rn20b/191014_A00223_0231_AHG22WDRXX/Springer_Project_065_Pool4/tBR584_S31_R1_001.fastq.gz	/home/springer/zhoux379/projects/s3/zhoup-barn/zm.rn20b/191014_A00223_0231_AHG22WDRXX/Springer_Project_065_Pool4/tBR584_S31_R2_001.fastq.gz
tBR586	leaf_V2	B84	t	2	PE		/home/springer/zhoux379/projects/s3/zhoup-barn/zm.rn20b/191014_A00223_0231_AHG22WDRXX/Springer_Project_065_Pool4/tBR586_S32_R1_001.fastq.gz	/home/springer/zhoux379/projects/s3/zhoup-barn/zm.rn20b/191014_A00223_0231_AHG22WDRXX/Springer_Project_065_Pool4/tBR586_S32_R2_001.fastq.gz
tBR587	leaf_V2	B84	t	3	PE		/home/springer/zhoux379/projects/s3/zhoup-barn/zm.rn20b/191014_A00223_0231_AHG22WDRXX/Springer_Project_065_Pool3/tBR587_S15_R1_001.fastq.gz	/home/springer/zhoux379/projects/s3/zhoup-barn/zm.rn20b/191014_A00223_0231_AHG22WDRXX/Springer_Project_065_Pool3/tBR587_S15_R2_001.fastq.gz
tBR588	leaf_V2	B84	t	4	PE		/home/springer/zhoux379/projects/s3/zhoup-barn/zm.rn20b/191014_A00223_0231_AHG22WDRXX/Springer_Project_065_Pool3/tBR588_S16_R1_001.fastq.gz	/home/springer/zhoux379/projects/s3/zhoup-barn/zm.rn20b/191014_A00223_0231_AHG22WDRXX/Springer_Project_065_Pool3/tBR588_S16_R2_001.fastq.gz
tBR590	leaf_V2	Mo17	t	2	PE		/home/springer/zhoux379/projects/s3/zhoup-barn/zm.rn20b/191014_A00223_0231_AHG22WDRXX/Springer_Project_065_Pool3/tBR590_S17_R1_001.fastq.gz	/home/springer/zhoux379/projects/s3/zhoup-barn/zm.rn20b/191014_A00223_0231_AHG22WDRXX/Springer_Project_065_Pool3/tBR590_S17_R2_001.fastq.gz
tBR591	leaf_V2	Mo17	t	3	PE		/home/springer/zhoux379/projects/s3/zhoup-barn/zm.rn20b/191014_A00223_0231_AHG22WDRXX/Springer_Project_065_Pool3/tBR591_S18_R1_001.fastq.gz	/home/springer/zhoux379/projects/s3/zhoup-barn/zm.rn20b/191014_A00223_0231_AHG22WDRXX/Springer_Project_065_Pool3/tBR591_S18_R2_001.fastq.gz
tBR592	leaf_V2	Mo17	t	4	PE		/home/springer/zhoux379/projects/s3/zhoup-barn/zm.rn20b/191014_A00223_0231_AHG22WDRXX/Springer_Project_065_Pool4/tBR592_S33_R1_001.fastq.gz	/home/springer/zhoux379/projects/s3/zhoup-barn/zm.rn20b/191014_A00223_0231_AHG22WDRXX/Springer_Project_065_Pool4/tBR592_S33_R2_001.fastq.gz
tBR594	leaf_V2	A682	t	2	PE		/home/springer/zhoux379/projects/s3/zhoup-barn/zm.rn20b/191014_A00223_0231_AHG22WDRXX/Springer_Project_065_Pool4/tBR594_S34_R1_001.fastq.gz	/home/springer/zhoux379/projects/s3/zhoup-barn/zm.rn20b/191014_A00223_0231_AHG22WDRXX/Springer_Project_065_Pool4/tBR594_S34_R2_001.fastq.gz
tBR595	leaf_V2	A682	t	3	PE		/home/springer/zhoux379/projects/s3/zhoup-barn/zm.rn20b/191014_A00223_0231_AHG22WDRXX/Springer_Project_065_Pool4/tBR595_S35_R1_001.fastq.gz	/home/springer/zhoux379/projects/s3/zhoup-barn/zm.rn20b/191014_A00223_0231_AHG22WDRXX/Springer_Project_065_Pool4/tBR595_S35_R2_001.fastq.gz
tBR596	leaf_V2	A682	t	4	PE		/home/springer/zhoux379/projects/s3/zhoup-barn/zm.rn20b/191014_A00223_0231_AHG22WDRXX/Springer_Project_065_Pool4/tBR596_S36_R1_001.fastq.gz	/home/springer/zhoux379/projects/s3/zhoup-barn/zm.rn20b/191014_A00223_0231_AHG22WDRXX/Springer_Project_065_Pool4/tBR596_S36_R2_001.fastq.gz
tBR598	leaf_V2	B73xMo17	t	2	PE		/home/springer/zhoux379/projects/s3/zhoup-barn/zm.rn20b/191023_A00223_0239_AHGLLLDRXX/Springer_Project_065_Pool5/tBR598_S1_R1_001.fastq.gz	/home/springer/zhoux379/projects/s3/zhoup-barn/zm.rn20b/191023_A00223_0239_AHGLLLDRXX/Springer_Project_065_Pool5/tBR598_S1_R2_001.fastq.gz
tBR599	leaf_V2	B73xMo17	t	3	PE		/home/springer/zhoux379/projects/s3/zhoup-barn/zm.rn20b/191023_A00223_0239_AHGLLLDRXX/Springer_Project_065_Pool5/tBR599_S2_R1_001.fastq.gz	/home/springer/zhoux379/projects/s3/zhoup-barn/zm.rn20b/191023_A00223_0239_AHGLLLDRXX/Springer_Project_065_Pool5/tBR599_S2_R2_001.fastq.gz
tBR600	leaf_V2	B73xMo17	t	4	PE		/home/springer/zhoux379/projects/s3/zhoup-barn/zm.rn20b/191023_A00223_0239_AHGLLLDRXX/Springer_Project_065_Pool5/tBR600_S3_R1_001.fastq.gz	/home/springer/zhoux379/projects/s3/zhoup-barn/zm.rn20b/191023_A00223_0239_AHGLLLDRXX/Springer_Project_065_Pool5/tBR600_S3_R2_001.fastq.gz
tBR602	leaf_V2	Mo17xB73	t	2	PE		/home/springer/zhoux379/projects/s3/zhoup-barn/zm.rn20b/191023_A00223_0239_AHGLLLDRXX/Springer_Project_065_Pool5/tBR602_S4_R1_001.fastq.gz	/home/springer/zhoux379/projects/s3/zhoup-barn/zm.rn20b/191023_A00223_0239_AHGLLLDRXX/Springer_Project_065_Pool5/tBR602_S4_R2_001.fastq.gz
tBR603	leaf_V2	Mo17xB73	t	3	PE		/home/springer/zhoux379/projects/s3/zhoup-barn/zm.rn20b/191023_A00223_0239_AHGLLLDRXX/Springer_Project_065_Pool5/tBR603_S5_R1_001.fastq.gz	/home/springer/zhoux379/projects/s3/zhoup-barn/zm.rn20b/191023_A00223_0239_AHGLLLDRXX/Springer_Project_065_Pool5/tBR603_S5_R2_001.fastq.gz
tBR604	leaf_V2	Mo17xB73	t	4	PE		/home/springer/zhoux379/projects/s3/zhoup-barn/zm.rn20b/191023_A00223_0239_AHGLLLDRXX/Springer_Project_065_Pool5/tBR604_S6_R1_001.fastq.gz	/home/springer/zhoux379/projects/s3/zhoup-barn/zm.rn20b/191023_A00223_0239_AHGLLLDRXX/Springer_Project_065_Pool5/tBR604_S6_R2_001.fastq.gz
tBR606	leaf_V2	B84xB73	t	2	PE		/home/springer/zhoux379/projects/s3/zhoup-barn/zm.rn20b/191023_A00223_0239_AHGLLLDRXX/Springer_Project_065_Pool5/tBR606_S7_R1_001.fastq.gz	/home/springer/zhoux379/projects/s3/zhoup-barn/zm.rn20b/191023_A00223_0239_AHGLLLDRXX/Springer_Project_065_Pool5/tBR606_S7_R2_001.fastq.gz
tBR607	leaf_V2	B84xB73	t	3	PE		/home/springer/zhoux379/projects/s3/zhoup-barn/zm.rn20b/191023_A00223_0239_AHGLLLDRXX/Springer_Project_065_Pool5/tBR607_S8_R1_001.fastq.gz	/home/springer/zhoux379/projects/s3/zhoup-barn/zm.rn20b/191023_A00223_0239_AHGLLLDRXX/Springer_Project_065_Pool5/tBR607_S8_R2_001.fastq.gz
tBR608	leaf_V2	B84xB73	t	4	PE		/home/springer/zhoux379/projects/s3/zhoup-barn/zm.rn20b/191023_A00223_0239_AHGLLLDRXX/Springer_Project_065_Pool5/tBR608_S9_R1_001.fastq.gz	/home/springer/zhoux379/projects/s3/zhoup-barn/zm.rn20b/191023_A00223_0239_AHGLLLDRXX/Springer_Project_065_Pool5/tBR608_S9_R2_001.fastq.gz
tBR610	leaf_V2	B84xMo17	t	2	PE		/home/springer/zhoux379/projects/s3/zhoup-barn/zm.rn20b/191023_A00223_0239_AHGLLLDRXX/Springer_Project_065_Pool5/tBR610_S10_R1_001.fastq.gz	/home/springer/zhoux379/projects/s3/zhoup-barn/zm.rn20b/191023_A00223_0239_AHGLLLDRXX/Springer_Project_065_Pool5/tBR610_S10_R2_001.fastq.gz
tBR611	leaf_V2	B84xMo17	t	3	PE		/home/springer/zhoux379/projects/s3/zhoup-barn/zm.rn20b/191023_A00223_0239_AHGLLLDRXX/Springer_Project_065_Pool5/tBR611_S11_R1_001.fastq.gz	/home/springer/zhoux379/projects/s3/zhoup-barn/zm.rn20b/191023_A00223_0239_AHGLLLDRXX/Springer_Project_065_Pool5/tBR611_S11_R2_001.fastq.gz
tBR612	leaf_V2	B84xMo17	t	4	PE		/home/springer/zhoux379/projects/s3/zhoup-barn/zm.rn20b/191023_A00223_0239_AHGLLLDRXX/Springer_Project_065_Pool5/tBR612_S12_R1_001.fastq.gz	/home/springer/zhoux379/projects/s3/zhoup-barn/zm.rn20b/191023_A00223_0239_AHGLLLDRXX/Springer_Project_065_Pool5/tBR612_S12_R2_001.fastq.gz
tBR614	leaf_V2	A682xB73	t	2	PE		/home/springer/zhoux379/projects/s3/zhoup-barn/zm.rn20b/191023_A00223_0239_AHGLLLDRXX/Springer_Project_065_Pool5/tBR614_S13_R1_001.fastq.gz	/home/springer/zhoux379/projects/s3/zhoup-barn/zm.rn20b/191023_A00223_0239_AHGLLLDRXX/Springer_Project_065_Pool5/tBR614_S13_R2_001.fastq.gz
tBR615	leaf_V2	A682xB73	t	3	PE		/home/springer/zhoux379/projects/s3/zhoup-barn/zm.rn20b/191023_A00223_0239_AHGLLLDRXX/Springer_Project_065_Pool5/tBR615_S14_R1_001.fastq.gz	/home/springer/zhoux379/projects/s3/zhoup-barn/zm.rn20b/191023_A00223_0239_AHGLLLDRXX/Springer_Project_065_Pool5/tBR615_S14_R2_001.fastq.gz
tBR616	leaf_V2	A682xB73	t	4	PE		/home/springer/zhoux379/projects/s3/zhoup-barn/zm.rn20b/191023_A00223_0239_AHGLLLDRXX/Springer_Project_065_Pool5/tBR616_S15_R1_001.fastq.gz	/home/springer/zhoux379/projects/s3/zhoup-barn/zm.rn20b/191023_A00223_0239_AHGLLLDRXX/Springer_Project_065_Pool5/tBR616_S15_R2_001.fastq.gz
tBR618	leaf_V2	A682xMo17	t	2	PE		/home/springer/zhoux379/projects/s3/zhoup-barn/zm.rn20b/191023_A00223_0239_AHGLLLDRXX/Springer_Project_065_Pool5/tBR618_S16_R1_001.fastq.gz	/home/springer/zhoux379/projects/s3/zhoup-barn/zm.rn20b/191023_A00223_0239_AHGLLLDRXX/Springer_Project_065_Pool5/tBR618_S16_R2_001.fastq.gz
tBR619	leaf_V2	A682xMo17	t	3	PE		/home/springer/zhoux379/projects/s3/zhoup-barn/zm.rn20b/191023_A00223_0239_AHGLLLDRXX/Springer_Project_065_Pool5/tBR619_S17_R1_001.fastq.gz	/home/springer/zhoux379/projects/s3/zhoup-barn/zm.rn20b/191023_A00223_0239_AHGLLLDRXX/Springer_Project_065_Pool5/tBR619_S17_R2_001.fastq.gz
tBR620	leaf_V2	A682xMo17	t	4	PE		/home/springer/zhoux379/projects/s3/zhoup-barn/zm.rn20b/191023_A00223_0239_AHGLLLDRXX/Springer_Project_065_Pool5/tBR620_S18_R1_001.fastq.gz	/home/springer/zhoux379/projects/s3/zhoup-barn/zm.rn20b/191023_A00223_0239_AHGLLLDRXX/Springer_Project_065_Pool5/tBR620_S18_R2_001.fastq.gz
